time	WindVelX
0.0	13.421
1.0	13.426
2.0	12.138
3.0	11.313
4.0	10.812
5.0	11.558
6.0	11.115
7.0	10.026
8.0	11.586
9.0	10.575
10.0	10.553
11.0	9.426
12.0	9.718
13.0	9.925
14.0	9.398
15.0	8.568
16.0	8.688
17.0	8.937
18.0	9.066
19.0	9.97
20.0	10.59
21.0	10.569
22.0	10.982
23.0	12.131
24.0	13.839
25.0	12.615
26.0	11.931
27.0	12.574
28.0	11.695
29.0	10.304
30.0	10.251
31.0	10.321
32.0	11.229
33.0	10.845
34.0	9.839
35.0	10.839
36.0	12.813
37.0	10.761
38.0	11.177
39.0	11.301
40.0	11.849
41.0	12.071
42.0	11.853
43.0	12.068
44.0	12.496
45.0	12.048
46.0	13.165
47.0	12.4
48.0	11.793
49.0	12.291
50.0	11.785
51.0	10.747
52.0	9.351
53.0	8.791
54.0	10.674
55.0	11.817
56.0	11.024
57.0	10.153
58.0	9.121
59.0	9.506
60.0	10.069
61.0	10.701
62.0	11.552
63.0	10.529
64.0	12.179
65.0	10.979
66.0	11.004
67.0	9.76
68.0	9.379
69.0	9.887
70.0	9.235
71.0	8.004
72.0	9.257
73.0	9.231
74.0	7.926
75.0	8.195
76.0	8.976
77.0	7.295
78.0	8.523
79.0	9.588
80.0	9.966
81.0	9.429
82.0	8.662
83.0	8.014
84.0	8.898
85.0	9.617
86.0	10.254
87.0	10.281
88.0	11.093
89.0	11.554
90.0	10.393
91.0	10.168
92.0	8.603
93.0	10.762
94.0	11.936
95.0	13.381
96.0	13.385
97.0	12.238
98.0	13.454
99.0	13.304
100.0	13.402
101.0	12.199
102.0	10.682
103.0	9.785
104.0	8.721
105.0	9.832
106.0	11.966
107.0	11.376
108.0	11.308
109.0	10.871
110.0	11.459
111.0	12.925
112.0	12.725
113.0	12.72
114.0	12.345
115.0	12.484
116.0	13.431
117.0	13.892
118.0	14.961
119.0	14.367
120.0	15.498
121.0	13.844
122.0	13.542
123.0	14.206
124.0	13.238
125.0	12.246
126.0	13.198
127.0	13.105
128.0	13.937
129.0	13.472
130.0	13.565
131.0	13.379
132.0	14.086
133.0	13.766
134.0	13.32
135.0	13.831
136.0	14.659
137.0	13.22
138.0	11.336
139.0	11.603
140.0	11.91
141.0	11.689
142.0	10.321
143.0	10.182
144.0	10.674
145.0	10.058
146.0	9.178
147.0	7.943
148.0	8.381
149.0	10.371
150.0	10.229
151.0	8.124
152.0	7.427
153.0	7.799
154.0	8.916
155.0	9.54
156.0	9.123
157.0	10.335
158.0	10.13
159.0	9.369
160.0	9.861
161.0	10.145
162.0	11.028
163.0	11.583
164.0	12.162
165.0	12.263
166.0	12.641
167.0	11.972
168.0	11.702
169.0	11.319
170.0	12.244
171.0	11.446
172.0	10.31
173.0	10.448
174.0	9.064
175.0	10.512
176.0	10.338
177.0	11.253
178.0	11.879
179.0	10.699
180.0	9.18
181.0	10.167
182.0	11.18
183.0	11.533
184.0	11.041
185.0	10.666
186.0	10.454
187.0	10.607
188.0	11.192
189.0	12.159
190.0	12.226
191.0	11.107
192.0	11.368
193.0	12.11
194.0	12.164
195.0	12.817
196.0	13.299
197.0	14.018
198.0	14.777
199.0	14.637
200.0	14.366
201.0	12.419
202.0	12.468
203.0	13.963
204.0	13.076
205.0	13.793
206.0	13.965
207.0	14.039
208.0	12.728
209.0	13.249
210.0	13.063
211.0	12.184
212.0	12.544
213.0	12.993
214.0	13.26
215.0	12.911
216.0	13.695
217.0	14.088
218.0	14.191
219.0	14.89
220.0	13.759
221.0	13.814
222.0	13.742
223.0	12.985
224.0	13.273
225.0	13.449
226.0	12.643
227.0	13.795
228.0	13.236
229.0	13.904
230.0	12.578
231.0	12.418
232.0	12.657
233.0	11.736
234.0	11.722
235.0	12.306
236.0	11.847
237.0	10.762
238.0	10.993
239.0	11.003
240.0	11.348
241.0	10.516
242.0	9.885
243.0	9.801
244.0	8.751
245.0	8.949
246.0	10.572
247.0	9.359
248.0	10.074
249.0	10.357
250.0	11.171
251.0	10.564
252.0	9.766
253.0	9.864
254.0	9.777
255.0	9.078
256.0	9.755
257.0	9.917
258.0	9.738
259.0	10.759
260.0	11.791
261.0	12.567
262.0	12.534
263.0	11.849
264.0	12.226
265.0	12.848
266.0	13.336
267.0	12.9
268.0	13.542
269.0	13.69
270.0	12.122
271.0	11.054
272.0	11.158
273.0	12.155
274.0	10.907
275.0	12.953
276.0	12.073
277.0	12.22
278.0	11.988
279.0	12.629
280.0	12.775
281.0	13.589
282.0	11.788
283.0	10.768
284.0	12.378
285.0	12.285
286.0	11.119
287.0	11.787
288.0	11.464
289.0	11.591
290.0	11.09
291.0	10.955
292.0	9.064
293.0	8.312
294.0	8.212
295.0	7.389
296.0	7.957
297.0	7.813
298.0	7.975
299.0	7.915
300.0	8.587
301.0	8.724
302.0	9.078
303.0	10.773
304.0	11.358
305.0	12.121
306.0	13.098
307.0	11.944
308.0	11.719
309.0	13.079
310.0	12.817
311.0	12.768
312.0	14.62
313.0	14.978
314.0	13.364
315.0	13.644
316.0	12.797
317.0	11.936
318.0	11.924
319.0	11.759
320.0	11.556
321.0	12.461
322.0	13.518
323.0	11.058
324.0	10.643
325.0	10.269
326.0	12.049
327.0	11.661
328.0	11.519
329.0	11.818
330.0	12.31
331.0	12.327
332.0	12.002
333.0	9.953
334.0	9.201
335.0	10.762
336.0	11.573
337.0	11.025
338.0	12.062
339.0	10.724
340.0	8.951
341.0	9.146
342.0	9.193
343.0	9.202
344.0	9.464
345.0	9.173
346.0	10.728
347.0	10.267
348.0	10.738
349.0	12.494
350.0	11.972
351.0	11.678
352.0	9.628
353.0	9.164
354.0	8.523
355.0	7.29
356.0	6.466
357.0	5.971
358.0	7.448
359.0	7.299
360.0	7.228
361.0	8.655
362.0	8.156
363.0	10.263
364.0	11.367
365.0	11.55
366.0	11.057
367.0	11.267
368.0	10.284
369.0	10.217
370.0	9.895
371.0	8.255
372.0	9.404
373.0	8.32
374.0	9.592
375.0	8.241
376.0	8.469
377.0	9.004
378.0	8.718
379.0	9.182
380.0	9.138
381.0	8.994
382.0	8.092
383.0	7.787
384.0	7.44
385.0	6.986
386.0	7.282
387.0	6.385
388.0	7.045
389.0	9.332
390.0	10.169
391.0	9.834
392.0	6.92
393.0	7.568
394.0	6.822
395.0	8.5
396.0	8.883
397.0	7.491
398.0	7.304
399.0	6.941
400.0	7.032
401.0	7.292
402.0	7.275
403.0	6.822
404.0	7.801
405.0	6.47
406.0	7.042
407.0	7.394
408.0	5.806
409.0	6.072
410.0	7.028
411.0	6.559
412.0	5.44
413.0	5.633
414.0	6.342
415.0	5.916
416.0	6.467
417.0	8.336
418.0	6.482
419.0	6.895
420.0	4.457
421.0	4.034
422.0	5.083
423.0	5.945
424.0	8.16
425.0	8.939
426.0	8.55
427.0	8.985
428.0	8.359
429.0	7.955
430.0	7.506
431.0	8.396
432.0	8.151
433.0	8.632
434.0	9.486
435.0	8.715
436.0	8.778
437.0	10.793
438.0	10.52
439.0	10.373
440.0	10.401
441.0	11.791
442.0	12.846
443.0	12.007
444.0	11.695
445.0	10.752
446.0	10.49
447.0	10.224
448.0	9.044
449.0	7.732
450.0	8.828
451.0	8.795
452.0	8.998
453.0	9.7
454.0	10.495
455.0	9.739
456.0	10.318
457.0	10.73
458.0	9.412
459.0	8.527
460.0	9.13
461.0	9.769
462.0	10.12
463.0	11.345
464.0	11.62
465.0	10.827
466.0	11.38
467.0	11.904
468.0	13.099
469.0	11.465
470.0	11.671
471.0	12.226
472.0	13.767
473.0	12.636
474.0	12.081
475.0	11.877
476.0	10.396
477.0	9.951
478.0	10.768
479.0	9.438
480.0	9.81
481.0	9.903
482.0	10.689
483.0	11.408
484.0	11.88
485.0	12.198
486.0	11.974
487.0	10.741
488.0	9.98
489.0	11.04
490.0	11.586
491.0	11.805
492.0	12.126
493.0	10.38
494.0	9.511
495.0	10.403
496.0	12.243
497.0	13.843
498.0	13.18
499.0	13.054
500.0	13.349
501.0	12.8
502.0	12.884
503.0	12.886
504.0	11.892
505.0	11.768
506.0	12.19
507.0	12.723
508.0	13.533
509.0	13.791
510.0	13.921
511.0	14.127
512.0	13.378
513.0	11.815
514.0	11.891
515.0	11.923
516.0	12.871
517.0	12.718
518.0	12.41
519.0	13.328
520.0	14.314
521.0	13.247
522.0	12.256
523.0	12.411
524.0	10.548
525.0	10.382
526.0	11.171
527.0	9.688
528.0	9.611
529.0	9.235
530.0	8.268
531.0	9.408
532.0	8.827
533.0	9.547
534.0	9.117
535.0	8.295
536.0	8.452
537.0	8.99
538.0	8.235
539.0	9.059
540.0	9.087
541.0	10.266
542.0	9.699
543.0	9.747
544.0	9.563
545.0	8.505
546.0	7.619
547.0	8.066
548.0	9.996
549.0	10.667
550.0	10.593
551.0	10.828
552.0	12.646
553.0	10.806
554.0	10.752
555.0	10.852
556.0	10.468
557.0	10.306
558.0	9.565
559.0	9.15
560.0	7.198
561.0	9.365
562.0	9.32
563.0	8.187
564.0	9.157
565.0	10.373
566.0	10.65
567.0	9.723
568.0	10.69
569.0	11.021
570.0	11.539
571.0	9.804
572.0	10.284
573.0	10.378
574.0	11.226
575.0	11.263
576.0	11.064
577.0	10.028
578.0	9.694
579.0	9.726
580.0	9.647
581.0	10.352
582.0	9.907
583.0	10.136
584.0	8.699
585.0	9.086
586.0	8.34
587.0	8.269
588.0	9.528
589.0	10.086
590.0	9.571
591.0	9.601
592.0	9.332
593.0	10.469
594.0	10.32
595.0	8.427
596.0	8.32
597.0	10.884
598.0	10.155
599.0	11.127
600.0	12.352
601.0	12.709
602.0	11.883
603.0	12.687
604.0	12.49
605.0	11.264
606.0	9.928
607.0	10.606
608.0	11.159
609.0	12.941
610.0	15.231
611.0	13.712
612.0	13.278
613.0	12.755
614.0	13.055
615.0	12.501
616.0	12.232
617.0	12.235
618.0	12.138
619.0	11.477
620.0	11.385
621.0	11.698
622.0	10.76
623.0	10.945
624.0	9.55
625.0	10.364
626.0	9.603
627.0	10.373
628.0	9.308
629.0	9.888
630.0	10.325
631.0	10.767
632.0	9.159
633.0	8.769
634.0	9.07
635.0	9.293
636.0	8.329
637.0	9.828
638.0	9.626
639.0	9.852
640.0	9.178
641.0	8.648
642.0	9.053
643.0	10.329
644.0	10.641
645.0	10.905
646.0	12.262
647.0	10.846
648.0	10.112
649.0	9.017
650.0	9.004
651.0	10.863
652.0	11.347
653.0	10.895
654.0	11.098
655.0	10.985
656.0	13.335
657.0	12.972
658.0	13.584
659.0	13.467
660.0	11.783
661.0	10.607
662.0	10.717
663.0	9.78
664.0	10.429
665.0	11.012
666.0	11.543
667.0	10.648
668.0	9.639
669.0	11.897
670.0	12.54
671.0	11.422
672.0	11.85
673.0	11.629
674.0	11.941
675.0	11.922
676.0	12.005
677.0	11.98
678.0	12.87
679.0	11.788
680.0	9.704
681.0	9.68
682.0	10.492
683.0	11.67
684.0	10.206
685.0	10.195
686.0	9.047
687.0	9.317
688.0	8.884
689.0	9.36
690.0	10.775
691.0	9.548
692.0	8.83
693.0	9.791
694.0	10.379
695.0	8.371
696.0	8.622
697.0	11.207
698.0	11.403
699.0	10.882
700.0	11.051
701.0	10.165
702.0	11.304
703.0	12.186
704.0	11.145
705.0	11.741
706.0	11.452
707.0	10.828
708.0	10.967
709.0	10.93
710.0	11.538
711.0	11.69
712.0	12.13
713.0	12.684
714.0	11.458
715.0	11.421
716.0	11.186
717.0	9.813
718.0	7.647
719.0	9.148
720.0	10.205
721.0	9.958
722.0	11.435
723.0	12.196
724.0	12.368
725.0	9.968
726.0	8.784
727.0	10.713
728.0	12.081
729.0	10.969
730.0	11.038
731.0	10.39
732.0	10.189
733.0	10.354
734.0	11.04
735.0	9.339
736.0	8.621
737.0	9.297
738.0	11.381
739.0	11.29
740.0	10.248
741.0	10.836
742.0	11.494
743.0	12.479
744.0	13.352
745.0	13.567
746.0	12.998
747.0	11.931
748.0	13.065
749.0	12.738
750.0	12.02
751.0	11.916
752.0	11.359
753.0	12.791
754.0	13.93
755.0	16.015
756.0	14.924
757.0	14.886
758.0	16.258
759.0	15.67
760.0	14.186
761.0	15.245
762.0	14.821
763.0	14.2
764.0	13.405
765.0	14.037
766.0	14.494
767.0	15.157
768.0	17.326
769.0	16.241
770.0	15.458
771.0	14.822
772.0	14.174
773.0	13.161
774.0	14.385
775.0	13.256
776.0	14.467
777.0	16.121
778.0	15.712
779.0	14.099
780.0	13.886
781.0	14.438
782.0	15.661
783.0	15.304
784.0	15.554
785.0	16.309
786.0	15.513
787.0	15.799
788.0	13.596
789.0	14.128
790.0	14.462
791.0	14.914
792.0	15.755
793.0	14.41
794.0	14.669
795.0	14.344
796.0	13.474
797.0	11.824
798.0	12.726
799.0	12.497
800.0	13.146
801.0	12.419
802.0	12.053
803.0	10.207
804.0	9.475
805.0	9.549
806.0	9.794
807.0	11.452
808.0	12.275
809.0	10.992
810.0	10.713
811.0	10.47
812.0	9.068
813.0	9.254
814.0	10.827
815.0	11.469
816.0	11.225
817.0	12.548
818.0	13.167
819.0	13.173
820.0	14.798
821.0	14.869
822.0	14.647
823.0	12.958
824.0	11.388
825.0	13.015
826.0	13.779
827.0	14.198
828.0	14.777
829.0	14.853
830.0	14.326
831.0	13.369
832.0	13.033
833.0	12.537
834.0	11.033
835.0	11.524
836.0	10.874
837.0	10.658
838.0	10.706
839.0	10.172
840.0	10.607
841.0	10.207
842.0	11.432
843.0	12.271
844.0	12.311
845.0	14.067
846.0	14.436
847.0	15.07
848.0	15.605
849.0	16.748
850.0	16.104
851.0	16.89
852.0	16.742
853.0	15.462
854.0	15.641
855.0	17.289
856.0	17.431
857.0	18.893
858.0	18.743
859.0	18.882
860.0	17.621
861.0	16.873
862.0	16.869
863.0	14.349
864.0	15.15
865.0	15.574
866.0	15.531
867.0	14.709
868.0	13.155
869.0	12.813
870.0	14.034
871.0	15.164
872.0	15.121
873.0	13.357
874.0	12.794
875.0	13.652
876.0	14.846
877.0	14.241
878.0	14.185
879.0	13.925
880.0	13.16
881.0	15.933
882.0	14.472
883.0	14.478
884.0	12.917
885.0	13.416
886.0	12.448
887.0	12.084
888.0	11.898
889.0	11.587
890.0	12.251
891.0	12.08
892.0	13.153
893.0	13.2
894.0	13.606
895.0	13.237
896.0	12.894
897.0	13.265
898.0	11.932
899.0	15.244
900.0	14.844
901.0	14.361
902.0	15.016
903.0	13.535
904.0	12.26
905.0	11.708
906.0	10.581
907.0	12.29
908.0	12.939
909.0	12.505
910.0	14.226
911.0	12.565
912.0	12.926
913.0	13.304
914.0	13.643
915.0	11.792
916.0	12.528
917.0	12.569
918.0	10.618
919.0	10.328
920.0	10.78
921.0	10.705
922.0	12.097
923.0	12.071
924.0	11.886
925.0	9.369
926.0	8.572
927.0	8.995
928.0	10.829
929.0	9.298
930.0	7.651
931.0	7.034
932.0	7.71
933.0	7.797
934.0	7.238
935.0	7.86
936.0	7.775
937.0	7.368
938.0	6.769
939.0	8.45
940.0	10.043
941.0	9.482
942.0	10.952
943.0	9.378
944.0	9.953
945.0	10.113
946.0	9.266
947.0	8.51
948.0	9.991
949.0	8.899
950.0	8.483
951.0	8.622
952.0	11.021
953.0	8.46
954.0	8.794
955.0	8.941
956.0	8.938
957.0	9.468
958.0	8.744
959.0	10.302
960.0	9.568
961.0	10.615
962.0	10.86
963.0	9.741
964.0	10.28
965.0	9.72
966.0	11.052
967.0	11.789
968.0	11.827
969.0	13.077
970.0	14.455
971.0	13.961
972.0	12.03
973.0	10.906
974.0	8.603
975.0	8.415
976.0	9.825
977.0	10.635
978.0	10.171
979.0	9.552
980.0	10.652
981.0	11.431
982.0	12.414
983.0	11.394
984.0	11.576
985.0	12.778
986.0	12.685
987.0	13.466
988.0	14.026
989.0	13.704
990.0	13.195
991.0	13.783
992.0	12.897
993.0	11.682
994.0	11.568
995.0	13.233
996.0	11.753
997.0	10.723
998.0	11.919
999.0	11.157
1000.0	10.432
1001.0	9.646
1002.0	9.77
1003.0	11.138
1004.0	11.58
1005.0	11.462
1006.0	12.13
1007.0	10.518
1008.0	10.999
1009.0	9.874
1010.0	10.602
1011.0	10.249
1012.0	11.031
1013.0	10.311
1014.0	8.517
1015.0	9.114
1016.0	10.466
1017.0	11.019
1018.0	12.871
1019.0	11.683
1020.0	12.936
1021.0	15.421
1022.0	15.169
1023.0	13.647
1024.0	13.014
1025.0	12.413
1026.0	11.009
1027.0	11.834
1028.0	12.687
1029.0	11.365
1030.0	10.314
1031.0	10.212
1032.0	9.883
1033.0	10.218
1034.0	11.026
1035.0	10.881
1036.0	12.426
1037.0	13.457
1038.0	15.114
1039.0	16.159
1040.0	16.105
1041.0	15.942
1042.0	16.822
1043.0	17.573
1044.0	16.679
1045.0	16.966
1046.0	16.324
1047.0	15.654
1048.0	16.41
1049.0	14.058
1050.0	14.07
1051.0	13.656
1052.0	13.197
1053.0	14.333
1054.0	13.795
1055.0	13.575
1056.0	12.807
1057.0	13.878
1058.0	14.034
1059.0	14.468
1060.0	14.655
1061.0	14.56
1062.0	13.056
1063.0	12.462
1064.0	12.371
1065.0	10.444
1066.0	11.517
1067.0	11.668
1068.0	10.384
1069.0	10.82
1070.0	9.838
1071.0	10.836
1072.0	9.186
1073.0	9.789
1074.0	8.781
1075.0	9.717
1076.0	8.527
1077.0	9.727
1078.0	9.851
1079.0	9.29
1080.0	10.654
1081.0	10.762
1082.0	12.062
1083.0	10.861
1084.0	8.731
1085.0	10.245
1086.0	11.33
1087.0	11.341
1088.0	12.28
1089.0	11.459
1090.0	11.356
1091.0	11.408
1092.0	11.213
1093.0	11.54
1094.0	12.877
1095.0	13.72
1096.0	12.676
1097.0	11.796
1098.0	12.064
1099.0	10.74
1100.0	10.064
1101.0	10.784
1102.0	12.053
1103.0	12.006
1104.0	11.748
1105.0	12.023
1106.0	13.328
1107.0	11.359
1108.0	10.375
1109.0	11.001
1110.0	9.49
1111.0	8.603
1112.0	8.739
1113.0	8.069
1114.0	9.56
1115.0	8.216
1116.0	7.188
1117.0	9.323
1118.0	10.424
1119.0	9.676
1120.0	8.159
1121.0	9.738
1122.0	10.758
1123.0	11.869
1124.0	12.088
1125.0	12.575
1126.0	13.476
1127.0	11.86
1128.0	10.19
1129.0	10.944
1130.0	11.03
1131.0	10.204
1132.0	8.428
1133.0	7.68
1134.0	10.326
1135.0	12.307
1136.0	13.532
1137.0	13.824
1138.0	11.466
1139.0	12.045
1140.0	13.187
1141.0	10.224
1142.0	9.96
1143.0	10.041
1144.0	9.951
1145.0	10.257
1146.0	10.421
1147.0	10.245
1148.0	13.39
1149.0	12.48
1150.0	11.678
1151.0	12.692
1152.0	11.792
1153.0	11.112
1154.0	10.458
1155.0	10.268
1156.0	9.687
1157.0	9.495
1158.0	9.008
1159.0	8.683
1160.0	7.542
1161.0	8.748
1162.0	9.415
1163.0	10.128
1164.0	9.563
1165.0	9.486
1166.0	9.146
1167.0	9.736
1168.0	11.108
1169.0	10.466
1170.0	10.121
1171.0	10.877
1172.0	11.233
1173.0	11.843
1174.0	11.613
1175.0	10.865
1176.0	10.368
1177.0	11.359
1178.0	10.811
1179.0	10.106
1180.0	9.352
1181.0	9.771
1182.0	8.017
1183.0	9.662
1184.0	10.494
1185.0	10.478
1186.0	10.95
1187.0	10.981
1188.0	9.32
1189.0	8.469
1190.0	9.479
1191.0	9.312
1192.0	10.334
1193.0	10.757
1194.0	9.597
1195.0	10.655
1196.0	10.435
1197.0	11.304
1198.0	11.48
1199.0	11.381
1200.0	9.362
1201.0	10.006
1202.0	8.408
1203.0	8.46
1204.0	8.506
1205.0	8.222
1206.0	6.755
1207.0	7.432
1208.0	7.453
1209.0	5.972
1210.0	7.558
1211.0	8.563
1212.0	8.807
1213.0	10.001
1214.0	10.027
1215.0	10.873
1216.0	9.776
1217.0	8.882
1218.0	9.822
1219.0	10.094
1220.0	9.671
1221.0	8.606
1222.0	10.0
1223.0	8.753
1224.0	7.851
1225.0	7.446
1226.0	7.225
1227.0	6.061
1228.0	5.862
1229.0	7.23
1230.0	8.173
1231.0	8.959
1232.0	8.245
1233.0	7.039
1234.0	7.46
1235.0	9.189
1236.0	8.049
1237.0	7.234
1238.0	6.152
1239.0	6.249
1240.0	7.625
1241.0	6.601
1242.0	7.719
1243.0	6.663
1244.0	5.761
1245.0	5.943
1246.0	6.478
1247.0	8.043
1248.0	8.425
1249.0	6.962
1250.0	7.761
1251.0	8.884
1252.0	9.145
1253.0	9.442
1254.0	8.015
1255.0	8.436
1256.0	10.165
1257.0	11.114
1258.0	10.931
1259.0	12.399
1260.0	12.249
1261.0	11.893
1262.0	11.952
1263.0	11.517
1264.0	10.168
1265.0	9.404
1266.0	8.947
1267.0	8.406
1268.0	6.525
1269.0	6.473
1270.0	6.966
1271.0	7.444
1272.0	8.995
1273.0	8.686
1274.0	9.389
1275.0	9.478
1276.0	8.918
1277.0	8.203
1278.0	7.341
1279.0	6.044
1280.0	6.993
1281.0	8.328
1282.0	7.89
1283.0	9.555
1284.0	8.85
1285.0	9.786
1286.0	8.961
1287.0	7.848
1288.0	8.884
1289.0	10.152
1290.0	10.243
1291.0	10.592
1292.0	9.75
1293.0	11.044
1294.0	11.012
1295.0	10.755
1296.0	10.927
1297.0	10.845
1298.0	11.936
1299.0	11.703
1300.0	12.178
1301.0	12.32
1302.0	13.131
1303.0	13.07
1304.0	12.771
1305.0	12.997
1306.0	13.508
1307.0	12.642
1308.0	11.551
1309.0	11.677
1310.0	11.11
1311.0	10.921
1312.0	12.025
1313.0	10.958
1314.0	11.359
1315.0	11.082
1316.0	10.813
1317.0	11.788
1318.0	12.384
1319.0	11.767
1320.0	10.616
1321.0	10.842
1322.0	10.173
1323.0	11.967
1324.0	11.974
1325.0	12.748
1326.0	13.971
1327.0	12.642
1328.0	11.556
1329.0	11.382
1330.0	9.652
1331.0	10.441
1332.0	11.268
1333.0	11.126
1334.0	10.033
1335.0	11.141
1336.0	10.595
1337.0	9.482
1338.0	9.601
1339.0	9.787
1340.0	9.828
1341.0	9.706
1342.0	10.927
1343.0	11.352
1344.0	10.505
1345.0	9.609
1346.0	9.276
1347.0	8.596
1348.0	9.688
1349.0	10.931
1350.0	11.754
1351.0	13.261
1352.0	12.605
1353.0	11.248
1354.0	11.072
1355.0	12.181
1356.0	12.515
1357.0	13.663
1358.0	11.632
1359.0	11.162
1360.0	12.394
1361.0	11.365
1362.0	11.907
1363.0	11.786
1364.0	12.426
1365.0	12.707
1366.0	11.286
1367.0	11.198
1368.0	10.941
1369.0	9.362
1370.0	9.232
1371.0	10.042
1372.0	12.448
1373.0	11.857
1374.0	10.774
1375.0	9.859
1376.0	8.867
1377.0	8.757
1378.0	9.676
1379.0	8.913
1380.0	8.174
1381.0	6.572
1382.0	9.409
1383.0	9.445
1384.0	9.367
1385.0	9.343
1386.0	9.985
1387.0	12.591
1388.0	13.351
1389.0	11.688
1390.0	11.615
1391.0	11.308
1392.0	11.529
1393.0	11.15
1394.0	11.056
1395.0	12.091
1396.0	11.229
1397.0	12.251
1398.0	12.887
1399.0	12.083
1400.0	12.125
1401.0	12.083
1402.0	10.947
1403.0	10.545
1404.0	10.682
1405.0	9.451
1406.0	10.113
1407.0	10.062
1408.0	9.993
1409.0	9.534
1410.0	10.034
1411.0	9.357
1412.0	10.031
1413.0	10.098
1414.0	10.122
1415.0	10.277
1416.0	10.291
1417.0	9.82
1418.0	11.035
1419.0	10.8
1420.0	10.721
1421.0	10.745
1422.0	10.135
1423.0	10.014
1424.0	8.577
1425.0	8.06
1426.0	8.12
1427.0	8.206
1428.0	7.836
1429.0	8.262
1430.0	8.572
1431.0	10.154
1432.0	8.385
1433.0	7.587
1434.0	6.87
1435.0	7.631
1436.0	6.668
1437.0	6.559
1438.0	8.358
1439.0	8.94
1440.0	10.181
1441.0	10.806
1442.0	13.189
1443.0	13.108
1444.0	11.228
1445.0	10.743
1446.0	9.652
1447.0	10.313
1448.0	10.315
1449.0	9.84
1450.0	9.281
1451.0	9.814
1452.0	9.074
1453.0	8.228
1454.0	8.993
1455.0	8.833
1456.0	9.937
1457.0	9.451
1458.0	8.532
1459.0	9.028
1460.0	9.921
1461.0	9.239
1462.0	9.68
1463.0	9.716
1464.0	7.864
1465.0	8.466
1466.0	9.17
1467.0	8.987
1468.0	8.33
1469.0	8.626
1470.0	8.398
1471.0	9.67
1472.0	9.223
1473.0	9.322
1474.0	9.142
1475.0	8.66
1476.0	8.808
1477.0	9.832
1478.0	8.521
1479.0	7.703
1480.0	7.725
1481.0	9.196
1482.0	8.873
1483.0	10.491
1484.0	9.223
1485.0	9.808
1486.0	9.184
1487.0	8.663
1488.0	8.647
1489.0	8.538
1490.0	9.214
1491.0	11.602
1492.0	11.043
1493.0	9.337
1494.0	8.572
1495.0	10.325
1496.0	10.828
1497.0	11.611
1498.0	12.584
1499.0	12.171
1500.0	13.003
1501.0	11.877
1502.0	11.734
1503.0	12.924
1504.0	14.631
1505.0	14.87
1506.0	13.951
1507.0	13.803
1508.0	14.45
1509.0	14.653
1510.0	13.753
1511.0	13.708
1512.0	12.898
1513.0	11.792
1514.0	11.317
1515.0	11.456
1516.0	12.6
1517.0	11.829
1518.0	12.076
1519.0	12.031
1520.0	12.685
1521.0	12.243
1522.0	12.709
1523.0	13.94
1524.0	12.555
1525.0	13.109
1526.0	12.994
1527.0	13.059
1528.0	13.803
1529.0	12.733
1530.0	13.216
1531.0	13.913
1532.0	12.569
1533.0	13.06
1534.0	13.507
1535.0	12.582
1536.0	13.406
1537.0	14.459
1538.0	15.018
1539.0	14.474
1540.0	13.375
1541.0	12.952
1542.0	13.118
1543.0	11.399
1544.0	12.405
1545.0	11.898
1546.0	12.755
1547.0	12.172
1548.0	11.063
1549.0	11.522
1550.0	11.909
1551.0	9.884
1552.0	9.135
1553.0	10.4
1554.0	11.324
1555.0	11.593
1556.0	11.396
1557.0	13.754
1558.0	13.623
1559.0	13.15
1560.0	13.459
1561.0	13.603
1562.0	13.812
1563.0	13.803
1564.0	13.084
1565.0	11.938
1566.0	9.634
1567.0	10.277
1568.0	10.67
1569.0	11.741
1570.0	10.079
1571.0	9.69
1572.0	11.268
1573.0	11.191
1574.0	9.805
1575.0	11.23
1576.0	11.45
1577.0	11.725
1578.0	9.376
1579.0	9.117
1580.0	7.987
1581.0	8.807
1582.0	9.319
1583.0	9.096
1584.0	9.29
1585.0	9.624
1586.0	10.658
1587.0	8.547
1588.0	8.843
1589.0	8.332
1590.0	7.849
1591.0	8.299
1592.0	7.577
1593.0	8.043
1594.0	7.306
1595.0	8.236
1596.0	7.982
1597.0	7.41
1598.0	7.882
1599.0	8.518
1600.0	8.305
1601.0	9.971
1602.0	9.841
1603.0	8.248
1604.0	10.007
1605.0	11.626
1606.0	11.8
1607.0	10.825
1608.0	10.837
1609.0	10.301
1610.0	11.535
1611.0	10.99
1612.0	10.873
1613.0	8.995
1614.0	10.474
1615.0	10.941
1616.0	9.808
1617.0	12.184
1618.0	12.378
1619.0	13.334
1620.0	14.437
1621.0	14.808
1622.0	13.322
1623.0	12.119
1624.0	13.051
1625.0	13.459
1626.0	13.946
1627.0	14.678
1628.0	13.218
1629.0	11.758
1630.0	11.701
1631.0	12.767
1632.0	13.864
1633.0	14.352
1634.0	15.343
1635.0	15.165
1636.0	15.135
1637.0	15.025
1638.0	15.032
1639.0	14.359
1640.0	12.846
1641.0	12.508
1642.0	12.177
1643.0	11.99
1644.0	12.622
1645.0	12.134
1646.0	11.755
1647.0	11.613
1648.0	9.743
1649.0	10.309
1650.0	10.415
1651.0	9.748
1652.0	9.401
1653.0	9.934
1654.0	11.005
1655.0	10.982
1656.0	10.356
1657.0	10.839
1658.0	11.748
1659.0	11.954
1660.0	11.553
1661.0	11.796
1662.0	11.321
1663.0	9.746
1664.0	10.693
1665.0	10.314
1666.0	9.282
1667.0	8.981
1668.0	10.853
1669.0	9.594
1670.0	9.645
1671.0	11.281
1672.0	11.404
1673.0	10.945
1674.0	10.645
1675.0	10.382
1676.0	8.769
1677.0	9.428
1678.0	9.781
1679.0	10.232
1680.0	9.788
1681.0	11.03
1682.0	11.282
1683.0	11.472
1684.0	11.39
1685.0	10.202
1686.0	10.87
1687.0	10.793
1688.0	11.462
1689.0	12.264
1690.0	12.697
1691.0	13.137
1692.0	13.973
1693.0	14.334
1694.0	13.317
1695.0	13.072
1696.0	12.247
1697.0	11.44
1698.0	11.776
1699.0	12.486
1700.0	12.065
1701.0	12.467
1702.0	11.958
1703.0	10.697
1704.0	11.177
1705.0	10.871
1706.0	11.462
1707.0	12.943
1708.0	14.097
1709.0	12.964
1710.0	12.952
1711.0	12.855
1712.0	12.808
1713.0	12.098
1714.0	11.242
1715.0	9.872
1716.0	9.14
1717.0	8.16
1718.0	8.497
1719.0	8.873
1720.0	9.759
1721.0	7.244
1722.0	7.875
1723.0	6.364
1724.0	6.595
1725.0	8.189
1726.0	8.009
1727.0	7.4
1728.0	8.844
1729.0	9.418
1730.0	8.768
1731.0	8.782
1732.0	9.367
1733.0	10.684
1734.0	10.821
1735.0	9.568
1736.0	9.931
1737.0	10.444
1738.0	11.13
1739.0	10.806
1740.0	9.838
1741.0	8.452
1742.0	8.3
1743.0	9.761
1744.0	8.647
1745.0	8.835
1746.0	8.357
1747.0	7.358
1748.0	6.775
1749.0	7.756
1750.0	8.49
1751.0	8.647
1752.0	8.366
1753.0	7.233
1754.0	7.672
1755.0	7.595
1756.0	8.496
1757.0	7.737
1758.0	6.908
1759.0	6.992
1760.0	6.828
1761.0	6.729
1762.0	7.318
1763.0	8.982
1764.0	9.536
1765.0	9.506
1766.0	10.248
1767.0	9.029
1768.0	8.8
1769.0	8.088
1770.0	8.295
1771.0	8.625
1772.0	9.457
1773.0	9.767
1774.0	8.646
1775.0	8.005
1776.0	8.847
1777.0	9.433
1778.0	9.405
1779.0	10.737
1780.0	10.571
1781.0	9.449
1782.0	10.539
1783.0	9.714
1784.0	9.635
1785.0	8.985
1786.0	9.441
1787.0	8.879
1788.0	8.705
1789.0	8.381
1790.0	9.008
1791.0	8.852
1792.0	8.375
1793.0	8.711
1794.0	8.736
1795.0	9.518
1796.0	9.356
1797.0	8.387
1798.0	8.818
1799.0	8.172
1800.0	13.417
1801.0	13.989
1802.0	12.521
1803.0	11.913
1804.0	12.037
1805.0	13.312
1806.0	11.998
1807.0	11.897
1808.0	12.059
1809.0	11.518
1810.0	11.597
1811.0	12.377
1812.0	12.868
1813.0	12.462
1814.0	13.27
1815.0	11.216
1816.0	8.966
1817.0	7.653
1818.0	8.779
1819.0	7.91
1820.0	9.704
1821.0	9.413
1822.0	10.504
1823.0	10.246
1824.0	9.088
1825.0	10.26
1826.0	10.923
1827.0	11.577
1828.0	12.789
1829.0	13.075
1830.0	12.046
1831.0	11.725
1832.0	12.807
1833.0	12.008
1834.0	11.683
1835.0	10.772
1836.0	9.276
1837.0	10.685
1838.0	10.355
1839.0	11.311
1840.0	11.986
1841.0	12.552
1842.0	11.721
1843.0	11.602
1844.0	10.42
1845.0	9.896
1846.0	9.579
1847.0	10.595
1848.0	10.34
1849.0	10.242
1850.0	9.547
1851.0	8.356
1852.0	8.57
1853.0	7.411
1854.0	7.475
1855.0	7.76
1856.0	7.471
1857.0	7.957
1858.0	7.734
1859.0	7.253
1860.0	7.154
1861.0	7.664
1862.0	8.414
1863.0	7.993
1864.0	8.787
1865.0	9.996
1866.0	9.639
1867.0	10.102
1868.0	9.902
1869.0	9.71
1870.0	9.004
1871.0	7.974
1872.0	7.952
1873.0	7.925
1874.0	7.556
1875.0	7.496
1876.0	6.69
1877.0	5.256
1878.0	5.512
1879.0	7.486
1880.0	7.697
1881.0	8.531
1882.0	9.128
1883.0	10.148
1884.0	10.199
1885.0	10.474
1886.0	11.514
1887.0	9.916
1888.0	8.992
1889.0	9.326
1890.0	9.321
1891.0	9.798
1892.0	10.105
1893.0	10.123
1894.0	10.41
1895.0	11.332
1896.0	8.709
1897.0	8.856
1898.0	8.548
1899.0	7.5
1900.0	5.768
1901.0	6.273
1902.0	7.264
1903.0	6.37
1904.0	6.385
1905.0	5.518
1906.0	6.244
1907.0	6.816
1908.0	5.986
1909.0	6.976
1910.0	5.7
1911.0	6.207
1912.0	7.495
1913.0	7.726
1914.0	7.201
1915.0	6.773
1916.0	6.343
1917.0	6.448
1918.0	5.425
1919.0	7.037
1920.0	7.397
1921.0	7.313
1922.0	7.409
1923.0	6.639
1924.0	6.648
1925.0	8.493
1926.0	8.482
1927.0	6.529
1928.0	5.798
1929.0	5.495
1930.0	5.164
1931.0	5.201
1932.0	6.845
1933.0	6.667
1934.0	8.042
1935.0	7.628
1936.0	8.288
1937.0	8.961
1938.0	9.931
1939.0	8.479
1940.0	7.297
1941.0	6.785
1942.0	7.773
1943.0	8.026
1944.0	7.192
1945.0	8.322
1946.0	8.731
1947.0	8.889
1948.0	9.907
1949.0	8.234
1950.0	9.161
1951.0	9.929
1952.0	9.967
1953.0	13.132
1954.0	11.705
1955.0	12.52
1956.0	12.388
1957.0	11.858
1958.0	11.505
1959.0	9.869
1960.0	10.7
1961.0	9.452
1962.0	9.617
1963.0	9.559
1964.0	8.851
1965.0	8.21
1966.0	9.324
1967.0	10.399
1968.0	11.316
1969.0	10.308
1970.0	9.317
1971.0	9.979
1972.0	10.479
1973.0	9.122
1974.0	10.744
1975.0	10.468
1976.0	9.864
1977.0	10.847
1978.0	12.381
1979.0	11.669
1980.0	11.0
1981.0	9.588
1982.0	10.021
1983.0	10.417
1984.0	9.16
1985.0	9.011
1986.0	9.337
1987.0	9.759
1988.0	8.179
1989.0	7.426
1990.0	8.83
1991.0	8.745
1992.0	8.532
1993.0	7.194
1994.0	6.117
1995.0	6.544
1996.0	7.565
1997.0	6.388
1998.0	6.576
1999.0	7.575
2000.0	7.25
2001.0	7.341
2002.0	8.185
2003.0	8.245
2004.0	7.798
2005.0	7.981
2006.0	8.795
2007.0	10.146
2008.0	9.44
2009.0	8.056
2010.0	7.891
2011.0	9.726
2012.0	9.518
2013.0	9.314
2014.0	9.927
2015.0	10.156
2016.0	11.198
2017.0	11.733
2018.0	11.233
2019.0	11.672
2020.0	10.88
2021.0	12.007
2022.0	11.705
2023.0	11.868
2024.0	11.917
2025.0	11.665
2026.0	11.954
2027.0	12.503
2028.0	12.672
2029.0	13.463
2030.0	13.618
2031.0	12.634
2032.0	12.069
2033.0	12.444
2034.0	13.309
2035.0	11.326
2036.0	10.903
2037.0	9.558
2038.0	9.028
2039.0	11.004
2040.0	11.584
2041.0	11.878
2042.0	12.586
2043.0	12.713
2044.0	11.467
2045.0	10.663
2046.0	9.09
2047.0	10.372
2048.0	11.17
2049.0	10.883
2050.0	10.794
2051.0	8.749
2052.0	8.319
2053.0	9.257
2054.0	8.933
2055.0	8.7
2056.0	10.568
2057.0	10.838
2058.0	10.226
2059.0	10.429
2060.0	10.284
2061.0	10.357
2062.0	10.762
2063.0	10.761
2064.0	11.69
2065.0	10.239
2066.0	8.625
2067.0	9.956
2068.0	10.342
2069.0	10.139
2070.0	9.99
2071.0	9.269
2072.0	8.187
2073.0	8.748
2074.0	9.694
2075.0	9.304
2076.0	8.179
2077.0	9.472
2078.0	9.849
2079.0	8.885
2080.0	10.955
2081.0	10.779
2082.0	9.599
2083.0	9.769
2084.0	9.282
2085.0	9.028
2086.0	7.687
2087.0	9.35
2088.0	8.443
2089.0	9.708
2090.0	9.529
2091.0	9.281
2092.0	9.611
2093.0	9.336
2094.0	9.45
2095.0	10.085
2096.0	9.439
2097.0	9.228
2098.0	9.133
2099.0	8.5
2100.0	7.477
2101.0	7.636
2102.0	9.927
2103.0	9.985
2104.0	10.008
2105.0	10.135
2106.0	10.509
2107.0	9.119
2108.0	8.374
2109.0	8.613
2110.0	7.697
2111.0	6.797
2112.0	6.523
2113.0	6.29
2114.0	5.888
2115.0	7.109
2116.0	8.337
2117.0	7.525
2118.0	10.026
2119.0	10.753
2120.0	9.266
2121.0	8.42
2122.0	10.927
2123.0	11.04
2124.0	10.973
2125.0	11.006
2126.0	11.703
2127.0	11.628
2128.0	12.794
2129.0	12.2
2130.0	12.162
2131.0	12.871
2132.0	12.796
2133.0	12.625
2134.0	12.17
2135.0	12.147
2136.0	11.058
2137.0	11.873
2138.0	10.908
2139.0	11.379
2140.0	12.209
2141.0	11.585
2142.0	11.868
2143.0	10.78
2144.0	11.084
2145.0	10.805
2146.0	9.44
2147.0	10.12
2148.0	10.2
2149.0	9.423
2150.0	10.333
2151.0	11.158
2152.0	9.894
2153.0	9.178
2154.0	7.01
2155.0	6.683
2156.0	7.841
2157.0	7.855
2158.0	8.537
2159.0	8.041
2160.0	8.245
2161.0	7.903
2162.0	8.636
2163.0	7.887
2164.0	7.661
2165.0	7.265
2166.0	8.194
2167.0	9.065
2168.0	8.194
2169.0	8.072
2170.0	8.752
2171.0	10.404
2172.0	10.148
2173.0	10.152
2174.0	9.475
2175.0	9.186
2176.0	9.869
2177.0	10.606
2178.0	9.781
2179.0	9.554
2180.0	8.862
2181.0	9.564
2182.0	10.82
2183.0	10.397
2184.0	9.286
2185.0	8.852
2186.0	9.153
2187.0	9.381
2188.0	8.69
2189.0	7.727
2190.0	7.671
2191.0	6.146
2192.0	6.831
2193.0	8.785
2194.0	9.773
2195.0	11.442
2196.0	11.906
2197.0	10.946
2198.0	9.961
2199.0	9.024
2200.0	8.698
2201.0	7.908
2202.0	8.556
2203.0	9.679
2204.0	10.166
2205.0	8.575
2206.0	8.433
2207.0	8.382
2208.0	8.892
2209.0	9.862
2210.0	10.315
2211.0	8.701
2212.0	9.799
2213.0	9.106
2214.0	9.877
2215.0	10.169
2216.0	10.69
2217.0	10.09
2218.0	11.229
2219.0	10.418
2220.0	10.601
2221.0	11.006
2222.0	11.207
2223.0	10.349
2224.0	9.861
2225.0	9.668
2226.0	10.936
2227.0	11.999
2228.0	12.586
2229.0	10.642
2230.0	10.458
2231.0	12.187
2232.0	11.985
2233.0	12.49
2234.0	11.375
2235.0	11.26
2236.0	10.046
2237.0	9.329
2238.0	10.356
2239.0	11.493
2240.0	12.062
2241.0	10.113
2242.0	10.378
2243.0	11.5
2244.0	11.125
2245.0	11.406
2246.0	10.956
2247.0	11.786
2248.0	12.036
2249.0	12.979
2250.0	12.562
2251.0	13.028
2252.0	13.639
2253.0	13.573
2254.0	13.421
2255.0	13.197
2256.0	13.359
2257.0	12.947
2258.0	13.298
2259.0	11.941
2260.0	11.013
2261.0	11.725
2262.0	13.227
2263.0	12.236
2264.0	12.432
2265.0	13.431
2266.0	14.992
2267.0	13.729
2268.0	13.336
2269.0	13.668
2270.0	12.836
2271.0	13.514
2272.0	12.348
2273.0	12.607
2274.0	12.33
2275.0	13.048
2276.0	11.053
2277.0	11.04
2278.0	11.688
2279.0	11.436
2280.0	11.772
2281.0	12.242
2282.0	12.126
2283.0	11.389
2284.0	10.986
2285.0	11.761
2286.0	11.663
2287.0	10.173
2288.0	10.352
2289.0	11.084
2290.0	11.573
2291.0	11.387
2292.0	10.889
2293.0	11.009
2294.0	10.896
2295.0	12.358
2296.0	12.162
2297.0	11.944
2298.0	12.568
2299.0	12.873
2300.0	12.507
2301.0	12.139
2302.0	12.356
2303.0	13.288
2304.0	13.09
2305.0	12.766
2306.0	11.716
2307.0	11.764
2308.0	11.126
2309.0	9.393
2310.0	8.332
2311.0	9.229
2312.0	7.768
2313.0	7.928
2314.0	8.537
2315.0	8.064
2316.0	8.287
2317.0	6.72
2318.0	6.677
2319.0	5.387
2320.0	3.98
2321.0	6.747
2322.0	8.017
2323.0	8.035
2324.0	8.346
2325.0	9.641
2326.0	9.44
2327.0	9.853
2328.0	10.055
2329.0	10.96
2330.0	11.436
2331.0	10.301
2332.0	10.583
2333.0	11.008
2334.0	11.04
2335.0	10.119
2336.0	10.456
2337.0	10.113
2338.0	9.903
2339.0	9.316
2340.0	10.241
2341.0	10.106
2342.0	8.983
2343.0	9.524
2344.0	9.433
2345.0	11.421
2346.0	11.581
2347.0	11.763
2348.0	13.347
2349.0	13.031
2350.0	11.894
2351.0	12.163
2352.0	11.927
2353.0	13.055
2354.0	12.849
2355.0	12.325
2356.0	10.813
2357.0	11.104
2358.0	9.706
2359.0	9.734
2360.0	10.41
2361.0	11.236
2362.0	12.641
2363.0	13.794
2364.0	14.09
2365.0	14.276
2366.0	12.693
2367.0	12.156
2368.0	12.472
2369.0	11.773
2370.0	12.276
2371.0	13.417
2372.0	12.272
2373.0	13.188
2374.0	12.221
2375.0	12.839
2376.0	12.392
2377.0	11.975
2378.0	12.11
2379.0	12.124
2380.0	12.069
2381.0	12.275
2382.0	12.454
2383.0	12.985
2384.0	13.03
2385.0	13.231
2386.0	11.403
2387.0	9.952
2388.0	10.626
2389.0	11.452
2390.0	12.065
2391.0	12.731
2392.0	11.677
2393.0	11.55
2394.0	12.404
2395.0	12.636
2396.0	14.622
2397.0	13.318
2398.0	11.942
2399.0	12.532
2400.0	12.316
2401.0	13.369
2402.0	13.745
2403.0	12.491
2404.0	12.089
2405.0	11.963
2406.0	11.889
2407.0	12.213
2408.0	11.973
2409.0	11.97
2410.0	11.844
2411.0	11.354
2412.0	11.799
2413.0	10.598
2414.0	9.942
2415.0	9.192
2416.0	9.397
2417.0	9.327
2418.0	9.472
2419.0	10.051
2420.0	11.02
2421.0	10.758
2422.0	11.095
2423.0	10.531
2424.0	10.731
2425.0	11.092
2426.0	11.629
2427.0	11.188
2428.0	10.402
2429.0	10.096
2430.0	10.733
2431.0	11.152
2432.0	9.937
2433.0	9.626
2434.0	9.94
2435.0	11.089
2436.0	11.595
2437.0	11.52
2438.0	12.393
2439.0	13.592
2440.0	14.109
2441.0	13.515
2442.0	12.851
2443.0	12.231
2444.0	10.722
2445.0	11.237
2446.0	11.061
2447.0	9.198
2448.0	9.641
2449.0	9.863
2450.0	10.069
2451.0	9.704
2452.0	9.499
2453.0	9.686
2454.0	10.669
2455.0	11.659
2456.0	11.636
2457.0	11.014
2458.0	11.726
2459.0	11.32
2460.0	11.68
2461.0	12.554
2462.0	12.298
2463.0	12.189
2464.0	11.17
2465.0	12.637
2466.0	12.673
2467.0	11.975
2468.0	11.37
2469.0	11.362
2470.0	11.005
2471.0	10.376
2472.0	11.605
2473.0	12.485
2474.0	11.353
2475.0	11.32
2476.0	13.101
2477.0	14.792
2478.0	14.154
2479.0	12.644
2480.0	14.402
2481.0	13.752
2482.0	13.159
2483.0	14.26
2484.0	14.515
2485.0	14.355
2486.0	14.546
2487.0	14.289
2488.0	14.413
2489.0	14.144
2490.0	14.28
2491.0	12.916
2492.0	14.021
2493.0	13.554
2494.0	14.188
2495.0	14.52
2496.0	14.447
2497.0	14.516
2498.0	13.797
2499.0	12.891
2500.0	12.553
2501.0	12.198
2502.0	12.56
2503.0	12.358
2504.0	10.945
2505.0	11.407
2506.0	11.674
2507.0	12.224
2508.0	10.703
2509.0	11.122
2510.0	9.64
2511.0	8.758
2512.0	9.379
2513.0	9.309
2514.0	9.236
2515.0	9.832
2516.0	9.469
2517.0	9.53
2518.0	9.963
2519.0	11.028
2520.0	11.675
2521.0	12.285
2522.0	11.427
2523.0	11.587
2524.0	10.555
2525.0	10.151
2526.0	10.552
2527.0	10.792
2528.0	11.636
2529.0	11.744
2530.0	11.81
2531.0	10.375
2532.0	9.366
2533.0	10.538
2534.0	9.697
2535.0	8.791
2536.0	9.974
2537.0	9.71
2538.0	10.177
2539.0	11.122
2540.0	10.445
2541.0	10.745
2542.0	11.55
2543.0	11.23
2544.0	11.431
2545.0	11.931
2546.0	12.903
2547.0	13.635
2548.0	13.841
2549.0	13.598
2550.0	14.463
2551.0	14.0
2552.0	13.658
2553.0	13.985
2554.0	13.6
2555.0	11.413
2556.0	11.693
2557.0	12.081
2558.0	10.659
2559.0	11.425
2560.0	11.089
2561.0	10.542
2562.0	9.23
2563.0	8.833
2564.0	8.84
2565.0	8.336
2566.0	8.258
2567.0	9.205
2568.0	8.625
2569.0	9.177
2570.0	9.92
2571.0	10.321
2572.0	10.662
2573.0	10.29
2574.0	9.468
2575.0	10.518
2576.0	9.176
2577.0	8.612
2578.0	9.318
2579.0	8.112
2580.0	8.268
2581.0	9.683
2582.0	9.578
2583.0	9.322
2584.0	9.307
2585.0	9.619
2586.0	9.634
2587.0	9.903
2588.0	9.756
2589.0	9.892
2590.0	9.828
2591.0	9.455
2592.0	10.645
2593.0	10.719
2594.0	11.306
2595.0	9.925
2596.0	9.662
2597.0	10.039
2598.0	9.836
2599.0	10.206
2600.0	10.563
2601.0	11.132
2602.0	11.191
2603.0	11.39
2604.0	10.999
2605.0	10.534
2606.0	10.776
2607.0	9.295
2608.0	10.076
2609.0	9.36
2610.0	9.612
2611.0	8.518
2612.0	8.435
2613.0	8.434
2614.0	8.694
2615.0	8.578
2616.0	8.809
2617.0	8.288
2618.0	7.837
2619.0	8.459
2620.0	8.506
2621.0	9.024
2622.0	8.715
2623.0	9.976
2624.0	10.94
2625.0	9.772
2626.0	9.759
2627.0	8.726
2628.0	9.112
2629.0	8.962
2630.0	9.992
2631.0	10.442
2632.0	9.654
2633.0	7.893
2634.0	8.206
2635.0	7.807
2636.0	8.942
2637.0	9.775
2638.0	8.176
2639.0	8.862
2640.0	9.093
2641.0	8.15
2642.0	8.502
2643.0	7.062
2644.0	6.301
2645.0	6.733
2646.0	7.748
2647.0	7.212
2648.0	8.253
2649.0	9.014
2650.0	8.439
2651.0	9.504
2652.0	10.197
2653.0	10.77
2654.0	9.002
2655.0	7.841
2656.0	7.601
2657.0	7.718
2658.0	8.638
2659.0	8.673
2660.0	9.078
2661.0	8.239
2662.0	7.766
2663.0	8.033
2664.0	7.878
2665.0	8.99
2666.0	11.201
2667.0	10.226
2668.0	10.213
2669.0	9.611
2670.0	8.99
2671.0	9.574
2672.0	9.516
2673.0	10.011
2674.0	10.478
2675.0	10.462
2676.0	9.358
2677.0	8.927
2678.0	8.929
2679.0	10.616
2680.0	10.369
2681.0	11.471
2682.0	11.214
2683.0	11.394
2684.0	11.837
2685.0	12.53
2686.0	12.062
2687.0	10.307
2688.0	10.11
2689.0	9.483
2690.0	10.163
2691.0	12.235
2692.0	12.713
2693.0	12.244
2694.0	11.757
2695.0	11.895
2696.0	12.469
2697.0	11.608
2698.0	11.848
2699.0	12.87
2700.0	13.424
2701.0	12.785
2702.0	11.356
2703.0	11.18
2704.0	11.527
2705.0	11.685
2706.0	11.512
2707.0	11.823
2708.0	12.13
2709.0	12.41
2710.0	12.631
2711.0	11.254
2712.0	10.862
2713.0	10.79
2714.0	12.31
2715.0	11.247
2716.0	12.315
2717.0	11.652
2718.0	12.065
2719.0	11.919
2720.0	13.309
2721.0	12.789
2722.0	12.138
2723.0	12.647
2724.0	11.913
2725.0	11.946
2726.0	12.814
2727.0	13.395
2728.0	13.338
2729.0	12.738
2730.0	12.585
2731.0	13.071
2732.0	12.286
2733.0	11.869
2734.0	11.605
2735.0	11.378
2736.0	12.394
2737.0	11.28
2738.0	10.046
2739.0	10.333
2740.0	11.266
2741.0	11.884
2742.0	12.472
2743.0	12.033
2744.0	12.639
2745.0	12.941
2746.0	12.258
2747.0	11.907
2748.0	11.212
2749.0	10.31
2750.0	10.728
2751.0	9.778
2752.0	10.243
2753.0	10.436
2754.0	10.663
2755.0	11.111
2756.0	10.911
2757.0	10.557
2758.0	11.385
2759.0	12.611
2760.0	11.456
2761.0	11.343
2762.0	11.704
2763.0	11.673
2764.0	13.113
2765.0	13.737
2766.0	13.274
2767.0	12.043
2768.0	12.683
2769.0	12.443
2770.0	12.479
2771.0	12.285
2772.0	11.848
2773.0	12.89
2774.0	11.845
2775.0	10.354
2776.0	9.897
2777.0	8.947
2778.0	8.916
2779.0	8.603
2780.0	8.472
2781.0	9.713
2782.0	10.689
2783.0	10.746
2784.0	9.738
2785.0	9.903
2786.0	10.148
2787.0	8.85
2788.0	9.344
2789.0	8.855
2790.0	8.734
2791.0	8.321
2792.0	8.999
2793.0	8.88
2794.0	9.912
2795.0	10.365
2796.0	10.243
2797.0	10.596
2798.0	10.432
2799.0	10.173
2800.0	10.796
2801.0	11.274
2802.0	11.947
2803.0	11.628
2804.0	12.05
2805.0	13.091
2806.0	12.616
2807.0	12.348
2808.0	12.313
2809.0	11.446
2810.0	11.289
2811.0	10.671
2812.0	10.795
2813.0	11.212
2814.0	11.275
2815.0	11.57
2816.0	12.595
2817.0	12.675
2818.0	11.651
2819.0	11.604
2820.0	11.763
2821.0	11.653
2822.0	11.004
2823.0	11.102
2824.0	11.316
2825.0	10.555
2826.0	10.258
2827.0	11.246
2828.0	11.167
2829.0	11.003
2830.0	11.003
2831.0	12.021
2832.0	12.225
2833.0	12.972
2834.0	13.401
2835.0	11.963
2836.0	12.315
2837.0	10.344
2838.0	10.609
2839.0	11.432
2840.0	12.564
2841.0	14.544
2842.0	13.553
2843.0	13.309
2844.0	12.713
2845.0	13.261
2846.0	12.28
2847.0	12.607
2848.0	12.602
2849.0	11.853
2850.0	11.026
2851.0	12.1
2852.0	13.183
2853.0	12.982
2854.0	13.019
2855.0	13.055
2856.0	12.657
2857.0	13.859
2858.0	13.523
2859.0	12.121
2860.0	11.651
2861.0	11.649
2862.0	11.035
2863.0	10.716
2864.0	11.673
2865.0	10.837
2866.0	11.371
2867.0	12.048
2868.0	11.923
2869.0	11.285
2870.0	11.742
2871.0	12.497
2872.0	11.844
2873.0	12.121
2874.0	12.383
2875.0	11.704
2876.0	11.427
2877.0	10.674
2878.0	11.454
2879.0	12.16
2880.0	12.416
2881.0	11.961
2882.0	13.136
2883.0	13.112
2884.0	12.04
2885.0	11.556
2886.0	11.864
2887.0	13.381
2888.0	13.533
2889.0	12.475
2890.0	11.943
2891.0	13.462
2892.0	12.857
2893.0	12.2
2894.0	12.056
2895.0	12.535
2896.0	13.727
2897.0	13.356
2898.0	14.131
2899.0	14.328
2900.0	15.193
2901.0	14.635
2902.0	13.589
2903.0	13.74
2904.0	13.033
2905.0	12.618
2906.0	11.768
2907.0	11.369
2908.0	11.126
2909.0	11.297
2910.0	11.869
2911.0	11.977
2912.0	11.65
2913.0	11.756
2914.0	10.859
2915.0	11.259
2916.0	11.618
2917.0	11.441
2918.0	10.856
2919.0	11.339
2920.0	11.967
2921.0	10.828
2922.0	10.531
2923.0	10.898
2924.0	9.903
2925.0	9.848
2926.0	9.723
2927.0	9.992
2928.0	10.07
2929.0	9.552
2930.0	8.93
2931.0	10.46
2932.0	10.242
2933.0	10.385
2934.0	9.323
2935.0	10.048
2936.0	11.717
2937.0	12.236
2938.0	10.986
2939.0	10.754
2940.0	9.735
2941.0	10.213
2942.0	10.05
2943.0	10.842
2944.0	11.155
2945.0	9.821
2946.0	9.675
2947.0	9.319
2948.0	9.468
2949.0	9.257
2950.0	9.628
2951.0	9.25
2952.0	9.363
2953.0	9.719
2954.0	10.246
2955.0	9.225
2956.0	8.711
2957.0	10.443
2958.0	10.87
2959.0	11.351
2960.0	11.162
2961.0	11.206
2962.0	11.433
2963.0	11.668
2964.0	11.772
2965.0	11.446
2966.0	12.076
2967.0	12.177
2968.0	12.468
2969.0	14.223
2970.0	12.371
2971.0	12.974
2972.0	13.172
2973.0	13.365
2974.0	12.644
2975.0	12.301
2976.0	12.565
2977.0	13.003
2978.0	11.474
2979.0	11.404
2980.0	11.181
2981.0	11.161
2982.0	12.855
2983.0	13.011
2984.0	12.609
2985.0	11.841
2986.0	10.794
2987.0	10.763
2988.0	12.114
2989.0	12.407
2990.0	13.037
2991.0	12.447
2992.0	13.464
2993.0	12.79
2994.0	12.847
2995.0	12.811
2996.0	12.474
2997.0	12.585
2998.0	13.003
2999.0	12.335
3000.0	10.199
3001.0	11.274
3002.0	10.333
3003.0	9.82
3004.0	9.844
3005.0	9.887
3006.0	10.285
3007.0	10.388
3008.0	9.157
3009.0	10.418
3010.0	11.878
3011.0	10.367
3012.0	11.414
3013.0	11.677
3014.0	10.984
3015.0	11.37
3016.0	12.405
3017.0	12.791
3018.0	11.783
3019.0	11.605
3020.0	9.489
3021.0	10.815
3022.0	11.21
3023.0	10.449
3024.0	10.05
3025.0	9.99
3026.0	8.607
3027.0	9.085
3028.0	9.221
3029.0	10.962
3030.0	12.586
3031.0	11.054
3032.0	9.992
3033.0	10.791
3034.0	12.18
3035.0	12.145
3036.0	12.098
3037.0	13.46
3038.0	12.98
3039.0	12.918
3040.0	11.992
3041.0	13.408
3042.0	13.504
3043.0	12.888
3044.0	12.193
3045.0	12.413
3046.0	13.019
3047.0	12.659
3048.0	12.57
3049.0	12.221
3050.0	11.657
3051.0	11.202
3052.0	10.342
3053.0	10.3
3054.0	9.934
3055.0	12.771
3056.0	13.26
3057.0	12.388
3058.0	14.34
3059.0	14.088
3060.0	15.301
3061.0	15.096
3062.0	14.542
3063.0	14.292
3064.0	14.205
3065.0	12.972
3066.0	13.521
3067.0	11.814
3068.0	12.909
3069.0	11.723
3070.0	11.511
3071.0	12.681
3072.0	12.06
3073.0	11.413
3074.0	11.365
3075.0	9.84
3076.0	10.636
3077.0	10.399
3078.0	9.848
3079.0	9.587
3080.0	9.621
3081.0	9.485
3082.0	11.013
3083.0	11.062
3084.0	13.176
3085.0	13.967
3086.0	12.843
3087.0	11.503
3088.0	11.578
3089.0	10.74
3090.0	9.849
3091.0	10.779
3092.0	11.564
3093.0	9.733
3094.0	9.827
3095.0	11.633
3096.0	11.247
3097.0	10.681
3098.0	10.94
3099.0	12.052
3100.0	11.724
3101.0	10.804
3102.0	10.579
3103.0	7.983
3104.0	8.943
3105.0	8.615
3106.0	9.147
3107.0	8.205
3108.0	7.694
3109.0	8.331
3110.0	8.18
3111.0	10.765
3112.0	10.94
3113.0	11.094
3114.0	10.941
3115.0	10.465
3116.0	9.596
3117.0	9.174
3118.0	10.751
3119.0	10.7
3120.0	10.414
3121.0	10.733
3122.0	11.144
3123.0	11.555
3124.0	11.51
3125.0	10.051
3126.0	9.861
3127.0	9.72
3128.0	9.604
3129.0	8.36
3130.0	8.162
3131.0	8.972
3132.0	8.43
3133.0	7.411
3134.0	6.819
3135.0	7.6
3136.0	8.386
3137.0	8.205
3138.0	8.195
3139.0	8.485
3140.0	8.676
3141.0	8.514
3142.0	7.374
3143.0	6.964
3144.0	7.218
3145.0	8.561
3146.0	8.845
3147.0	8.635
3148.0	9.06
3149.0	9.55
3150.0	9.27
3151.0	9.699
3152.0	7.735
3153.0	8.555
3154.0	8.973
3155.0	11.173
3156.0	10.741
3157.0	10.293
3158.0	10.703
3159.0	10.872
3160.0	12.103
3161.0	11.468
3162.0	12.086
3163.0	12.828
3164.0	11.962
3165.0	11.924
3166.0	12.486
3167.0	13.11
3168.0	13.155
3169.0	13.415
3170.0	14.73
3171.0	14.064
3172.0	12.352
3173.0	11.814
3174.0	11.611
3175.0	12.951
3176.0	13.489
3177.0	13.492
3178.0	14.269
3179.0	15.408
3180.0	12.324
3181.0	11.383
3182.0	11.292
3183.0	12.741
3184.0	12.611
3185.0	14.687
3186.0	13.795
3187.0	13.3
3188.0	13.4
3189.0	12.163
3190.0	13.139
3191.0	12.701
3192.0	12.988
3193.0	12.038
3194.0	12.035
3195.0	11.825
3196.0	10.887
3197.0	11.432
3198.0	10.072
3199.0	11.87
3200.0	11.614
3201.0	11.478
3202.0	11.841
3203.0	11.29
3204.0	10.756
3205.0	9.981
3206.0	9.175
3207.0	10.098
3208.0	10.302
3209.0	10.403
3210.0	10.977
3211.0	10.628
3212.0	10.785
3213.0	10.956
3214.0	10.834
3215.0	10.677
3216.0	9.744
3217.0	8.885
3218.0	8.246
3219.0	8.425
3220.0	7.591
3221.0	6.572
3222.0	6.818
3223.0	7.382
3224.0	5.508
3225.0	5.963
3226.0	6.801
3227.0	6.727
3228.0	8.308
3229.0	8.82
3230.0	9.215
3231.0	9.578
3232.0	9.78
3233.0	10.814
3234.0	10.49
3235.0	11.412
3236.0	10.696
3237.0	10.855
3238.0	9.389
3239.0	8.076
3240.0	7.471
3241.0	7.995
3242.0	6.783
3243.0	8.111
3244.0	9.171
3245.0	10.135
3246.0	9.349
3247.0	10.146
3248.0	9.609
3249.0	8.395
3250.0	7.062
3251.0	8.898
3252.0	7.98
3253.0	7.232
3254.0	6.433
3255.0	6.48
3256.0	9.284
3257.0	8.486
3258.0	7.791
3259.0	7.275
3260.0	7.354
3261.0	8.115
3262.0	9.831
3263.0	10.286
3264.0	9.163
3265.0	9.891
3266.0	9.979
3267.0	8.838
3268.0	9.975
3269.0	8.184
3270.0	7.411
3271.0	8.052
3272.0	8.768
3273.0	8.258
3274.0	8.365
3275.0	6.92
3276.0	6.477
3277.0	5.869
3278.0	4.758
3279.0	5.119
3280.0	4.32
3281.0	4.49
3282.0	5.869
3283.0	4.702
3284.0	2.852
3285.0	4.97
3286.0	4.955
3287.0	6.579
3288.0	8.297
3289.0	8.665
3290.0	7.736
3291.0	7.82
3292.0	8.319
3293.0	6.674
3294.0	5.472
3295.0	5.615
3296.0	5.855
3297.0	6.449
3298.0	7.934
3299.0	8.222
3300.0	6.965
3301.0	7.584
3302.0	5.701
3303.0	5.909
3304.0	7.924
3305.0	7.249
3306.0	7.365
3307.0	7.128
3308.0	7.803
3309.0	6.803
3310.0	6.92
3311.0	5.705
3312.0	4.905
3313.0	5.472
3314.0	7.082
3315.0	5.936
3316.0	5.707
3317.0	7.008
3318.0	6.996
3319.0	7.893
3320.0	9.105
3321.0	8.407
3322.0	8.432
3323.0	8.366
3324.0	7.256
3325.0	9.215
3326.0	9.039
3327.0	8.772
3328.0	8.166
3329.0	7.801
3330.0	7.872
3331.0	8.347
3332.0	7.78
3333.0	8.303
3334.0	9.978
3335.0	11.637
3336.0	11.346
3337.0	12.739
3338.0	10.995
3339.0	9.668
3340.0	8.785
3341.0	8.326
3342.0	8.919
3343.0	6.665
3344.0	6.422
3345.0	5.554
3346.0	4.117
3347.0	6.033
3348.0	6.74
3349.0	6.044
3350.0	5.923
3351.0	6.815
3352.0	6.574
3353.0	5.211
3354.0	6.914
3355.0	7.624
3356.0	8.489
3357.0	8.244
3358.0	8.308
3359.0	7.781
3360.0	6.571
3361.0	8.215
3362.0	10.084
3363.0	10.369
3364.0	9.368
3365.0	10.063
3366.0	10.166
3367.0	11.938
3368.0	12.666
3369.0	14.526
3370.0	15.193
3371.0	14.114
3372.0	14.529
3373.0	14.9
3374.0	14.219
3375.0	14.73
3376.0	13.153
3377.0	12.613
3378.0	11.802
3379.0	11.189
3380.0	12.008
3381.0	12.101
3382.0	12.416
3383.0	12.616
3384.0	11.837
3385.0	11.666
3386.0	11.939
3387.0	11.701
3388.0	9.312
3389.0	9.488
3390.0	11.198
3391.0	11.633
3392.0	10.947
3393.0	10.097
3394.0	10.963
3395.0	11.411
3396.0	10.059
3397.0	9.17
3398.0	8.441
3399.0	7.462
3400.0	6.321
3401.0	6.554
3402.0	8.388
3403.0	9.507
3404.0	8.99
3405.0	10.002
3406.0	8.38
3407.0	9.485
3408.0	10.275
3409.0	10.199
3410.0	9.074
3411.0	7.118
3412.0	9.9
3413.0	10.85
3414.0	11.443
3415.0	11.39
3416.0	12.019
3417.0	11.262
3418.0	11.728
3419.0	10.856
3420.0	11.402
3421.0	11.054
3422.0	10.704
3423.0	9.946
3424.0	10.229
3425.0	10.126
3426.0	12.438
3427.0	12.563
3428.0	12.044
3429.0	12.221
3430.0	12.705
3431.0	11.964
3432.0	11.942
3433.0	12.312
3434.0	11.638
3435.0	11.52
3436.0	12.403
3437.0	11.79
3438.0	10.979
3439.0	11.149
3440.0	10.68
3441.0	8.584
3442.0	7.89
3443.0	8.956
3444.0	10.337
3445.0	9.816
3446.0	9.698
3447.0	10.69
3448.0	11.347
3449.0	11.879
3450.0	12.74
3451.0	12.56
3452.0	12.323
3453.0	13.591
3454.0	12.219
3455.0	12.602
3456.0	13.0
3457.0	12.397
3458.0	11.618
3459.0	12.177
3460.0	11.307
3461.0	11.398
3462.0	10.739
3463.0	12.144
3464.0	12.379
3465.0	11.422
3466.0	11.787
3467.0	12.161
3468.0	10.908
3469.0	9.103
3470.0	10.188
3471.0	10.132
3472.0	10.344
3473.0	9.988
3474.0	11.522
3475.0	10.755
3476.0	10.278
3477.0	10.376
3478.0	11.814
3479.0	11.591
3480.0	9.986
3481.0	10.045
3482.0	9.961
3483.0	10.84
3484.0	10.238
3485.0	11.224
3486.0	9.972
3487.0	9.82
3488.0	10.252
3489.0	10.77
3490.0	11.7
3491.0	9.858
3492.0	10.05
3493.0	8.884
3494.0	8.648
3495.0	7.724
3496.0	6.248
3497.0	7.624
3498.0	8.751
3499.0	7.798
3500.0	9.61
3501.0	9.228
3502.0	8.783
3503.0	8.427
3504.0	8.664
3505.0	9.335
3506.0	8.544
3507.0	8.888
3508.0	8.103
3509.0	8.341
3510.0	9.007
3511.0	8.766
3512.0	8.507
3513.0	10.622
3514.0	8.357
3515.0	9.08
3516.0	10.035
3517.0	10.474
3518.0	11.09
3519.0	9.536
3520.0	8.773
3521.0	8.887
3522.0	10.31
3523.0	11.746
3524.0	11.552
3525.0	11.432
3526.0	12.342
3527.0	12.157
3528.0	12.187
3529.0	13.002
3530.0	14.436
3531.0	15.525
3532.0	14.709
3533.0	12.388
3534.0	11.008
3535.0	9.828
3536.0	9.577
3537.0	10.591
3538.0	10.585
3539.0	11.606
3540.0	12.023
3541.0	10.688
3542.0	10.35
3543.0	8.775
3544.0	7.564
3545.0	11.834
3546.0	13.236
3547.0	11.969
3548.0	11.986
3549.0	13.223
3550.0	14.367
3551.0	13.88
3552.0	11.782
3553.0	10.861
3554.0	11.408
3555.0	11.63
3556.0	12.274
3557.0	12.132
3558.0	11.294
3559.0	11.802
3560.0	11.824
3561.0	11.823
3562.0	11.105
3563.0	9.602
3564.0	8.765
3565.0	9.453
3566.0	9.74
3567.0	9.529
3568.0	10.252
3569.0	9.568
3570.0	9.9
3571.0	10.455
3572.0	10.25
3573.0	8.392
3574.0	9.463
3575.0	9.577
3576.0	7.747
3577.0	8.114
3578.0	7.645
3579.0	9.041
3580.0	9.083
3581.0	9.441
3582.0	8.725
3583.0	7.904
3584.0	8.636
3585.0	7.91
3586.0	8.167
3587.0	8.705
3588.0	9.353
3589.0	8.1
3590.0	9.027
3591.0	10.08
3592.0	10.81
3593.0	9.593
3594.0	8.256
3595.0	7.96
3596.0	9.597
3597.0	10.248
3598.0	11.77
3599.0	10.358
3600.0	15.294
3601.0	15.115
3602.0	14.748
3603.0	14.083
3604.0	14.606
3605.0	15.986
3606.0	16.454
3607.0	16.388
3608.0	14.968
3609.0	13.444
3610.0	13.504
3611.0	13.547
3612.0	13.259
3613.0	13.895
3614.0	13.775
3615.0	12.194
3616.0	11.974
3617.0	12.724
3618.0	12.223
3619.0	12.233
3620.0	13.126
3621.0	12.446
3622.0	12.048
3623.0	13.699
3624.0	14.764
3625.0	12.881
3626.0	12.935
3627.0	12.966
3628.0	14.045
3629.0	14.659
3630.0	12.931
3631.0	11.117
3632.0	11.567
3633.0	10.515
3634.0	9.777
3635.0	9.194
3636.0	9.232
3637.0	8.027
3638.0	8.932
3639.0	9.627
3640.0	8.304
3641.0	8.947
3642.0	8.957
3643.0	10.735
3644.0	10.899
3645.0	11.474
3646.0	13.382
3647.0	12.675
3648.0	12.513
3649.0	12.348
3650.0	11.774
3651.0	13.098
3652.0	12.903
3653.0	11.638
3654.0	10.835
3655.0	11.063
3656.0	10.424
3657.0	11.74
3658.0	10.283
3659.0	8.645
3660.0	9.861
3661.0	10.529
3662.0	12.887
3663.0	12.173
3664.0	13.572
3665.0	14.129
3666.0	15.312
3667.0	14.953
3668.0	14.158
3669.0	13.921
3670.0	13.907
3671.0	12.55
3672.0	11.97
3673.0	13.412
3674.0	13.743
3675.0	13.335
3676.0	12.164
3677.0	13.085
3678.0	11.601
3679.0	12.312
3680.0	12.613
3681.0	10.331
3682.0	9.472
3683.0	8.791
3684.0	8.65
3685.0	7.434
3686.0	6.667
3687.0	7.656
3688.0	7.586
3689.0	8.233
3690.0	7.875
3691.0	10.588
3692.0	12.211
3693.0	13.4
3694.0	12.782
3695.0	12.373
3696.0	13.905
3697.0	11.47
3698.0	12.018
3699.0	12.273
3700.0	12.619
3701.0	10.796
3702.0	9.693
3703.0	10.141
3704.0	9.158
3705.0	10.244
3706.0	9.803
3707.0	9.872
3708.0	10.347
3709.0	11.182
3710.0	11.724
3711.0	10.535
3712.0	11.911
3713.0	12.274
3714.0	12.346
3715.0	12.868
3716.0	12.628
3717.0	12.741
3718.0	13.767
3719.0	13.696
3720.0	12.957
3721.0	14.419
3722.0	14.783
3723.0	14.996
3724.0	16.117
3725.0	14.399
3726.0	12.938
3727.0	14.277
3728.0	13.082
3729.0	13.442
3730.0	15.566
3731.0	15.161
3732.0	14.827
3733.0	12.267
3734.0	11.915
3735.0	10.807
3736.0	8.987
3737.0	10.506
3738.0	11.774
3739.0	9.705
3740.0	11.31
3741.0	12.165
3742.0	11.862
3743.0	11.038
3744.0	11.18
3745.0	10.845
3746.0	12.397
3747.0	11.56
3748.0	11.64
3749.0	11.844
3750.0	11.043
3751.0	12.152
3752.0	14.906
3753.0	14.014
3754.0	13.926
3755.0	13.305
3756.0	13.923
3757.0	14.017
3758.0	15.055
3759.0	15.211
3760.0	13.402
3761.0	14.004
3762.0	12.525
3763.0	11.67
3764.0	12.227
3765.0	13.603
3766.0	15.605
3767.0	16.531
3768.0	17.636
3769.0	16.911
3770.0	16.387
3771.0	14.829
3772.0	13.61
3773.0	14.223
3774.0	13.713
3775.0	12.832
3776.0	13.697
3777.0	14.655
3778.0	14.548
3779.0	13.388
3780.0	12.515
3781.0	10.922
3782.0	10.265
3783.0	10.654
3784.0	10.307
3785.0	12.292
3786.0	12.92
3787.0	11.327
3788.0	11.65
3789.0	10.395
3790.0	10.768
3791.0	12.139
3792.0	11.035
3793.0	11.03
3794.0	10.522
3795.0	10.998
3796.0	10.738
3797.0	9.221
3798.0	11.005
3799.0	11.391
3800.0	11.956
3801.0	12.839
3802.0	11.738
3803.0	11.348
3804.0	9.336
3805.0	9.91
3806.0	12.564
3807.0	12.178
3808.0	10.948
3809.0	11.517
3810.0	13.395
3811.0	11.646
3812.0	13.128
3813.0	12.268
3814.0	13.698
3815.0	14.029
3816.0	11.053
3817.0	10.228
3818.0	11.142
3819.0	12.448
3820.0	12.258
3821.0	12.234
3822.0	11.38
3823.0	13.612
3824.0	12.982
3825.0	12.992
3826.0	12.796
3827.0	11.643
3828.0	11.814
3829.0	12.156
3830.0	11.986
3831.0	11.363
3832.0	14.079
3833.0	12.712
3834.0	11.845
3835.0	12.672
3836.0	11.313
3837.0	11.04
3838.0	9.962
3839.0	12.186
3840.0	12.822
3841.0	12.867
3842.0	13.236
3843.0	13.423
3844.0	13.168
3845.0	12.554
3846.0	12.826
3847.0	14.497
3848.0	11.97
3849.0	12.105
3850.0	14.267
3851.0	13.861
3852.0	14.652
3853.0	15.74
3854.0	14.909
3855.0	15.232
3856.0	14.277
3857.0	13.117
3858.0	13.169
3859.0	13.619
3860.0	12.572
3861.0	13.952
3862.0	13.456
3863.0	14.889
3864.0	13.503
3865.0	13.97
3866.0	13.639
3867.0	13.362
3868.0	12.497
3869.0	12.259
3870.0	11.14
3871.0	9.509
3872.0	9.843
3873.0	9.369
3874.0	8.905
3875.0	9.16
3876.0	10.208
3877.0	9.097
3878.0	7.15
3879.0	5.979
3880.0	6.357
3881.0	6.721
3882.0	5.999
3883.0	5.843
3884.0	6.62
3885.0	7.688
3886.0	6.603
3887.0	7.8
3888.0	8.835
3889.0	10.85
3890.0	9.021
3891.0	9.078
3892.0	6.911
3893.0	8.77
3894.0	8.966
3895.0	9.965
3896.0	8.728
3897.0	8.718
3898.0	8.045
3899.0	9.342
3900.0	10.039
3901.0	11.194
3902.0	11.541
3903.0	11.068
3904.0	11.129
3905.0	12.102
3906.0	10.992
3907.0	10.069
3908.0	9.029
3909.0	7.878
3910.0	8.008
3911.0	6.763
3912.0	9.028
3913.0	8.074
3914.0	8.291
3915.0	7.311
3916.0	7.28
3917.0	8.255
3918.0	9.339
3919.0	10.452
3920.0	9.684
3921.0	8.946
3922.0	11.236
3923.0	11.413
3924.0	11.021
3925.0	11.277
3926.0	12.064
3927.0	12.987
3928.0	13.598
3929.0	13.462
3930.0	11.758
3931.0	9.054
3932.0	10.478
3933.0	12.0
3934.0	11.672
3935.0	10.726
3936.0	11.443
3937.0	11.12
3938.0	11.7
3939.0	11.11
3940.0	12.188
3941.0	11.82
3942.0	11.876
3943.0	13.66
3944.0	11.664
3945.0	11.548
3946.0	9.43
3947.0	8.082
3948.0	8.237
3949.0	8.556
3950.0	9.049
3951.0	8.84
3952.0	8.244
3953.0	8.136
3954.0	8.079
3955.0	7.904
3956.0	7.984
3957.0	9.085
3958.0	10.183
3959.0	10.637
3960.0	10.617
3961.0	10.204
3962.0	9.376
3963.0	8.874
3964.0	10.512
3965.0	9.612
3966.0	9.549
3967.0	10.311
3968.0	10.699
3969.0	12.139
3970.0	12.133
3971.0	12.642
3972.0	12.802
3973.0	11.452
3974.0	11.135
3975.0	12.464
3976.0	13.6
3977.0	13.178
3978.0	11.613
3979.0	10.544
3980.0	10.868
3981.0	11.41
3982.0	9.858
3983.0	11.715
3984.0	13.112
3985.0	14.869
3986.0	13.778
3987.0	12.961
3988.0	12.318
3989.0	11.608
3990.0	10.699
3991.0	10.188
3992.0	9.156
3993.0	10.919
3994.0	10.545
3995.0	9.735
3996.0	8.816
3997.0	9.739
3998.0	10.879
3999.0	11.079
4000.0	11.701
4001.0	12.747
4002.0	12.436
4003.0	10.933
4004.0	9.513
4005.0	9.273
4006.0	11.412
4007.0	12.669
4008.0	12.021
4009.0	13.574
4010.0	11.998
4011.0	11.683
4012.0	13.79
4013.0	13.749
4014.0	13.119
4015.0	12.113
4016.0	10.922
4017.0	9.292
4018.0	10.172
4019.0	10.557
4020.0	11.26
4021.0	11.479
4022.0	11.978
4023.0	11.844
4024.0	11.725
4025.0	10.684
4026.0	11.424
4027.0	10.437
4028.0	10.334
4029.0	9.868
4030.0	8.978
4031.0	8.724
4032.0	9.73
4033.0	8.738
4034.0	8.114
4035.0	8.827
4036.0	9.232
4037.0	9.025
4038.0	10.189
4039.0	12.005
4040.0	10.478
4041.0	11.238
4042.0	11.913
4043.0	13.3
4044.0	12.126
4045.0	11.148
4046.0	8.838
4047.0	8.411
4048.0	11.004
4049.0	11.245
4050.0	8.756
4051.0	7.002
4052.0	8.783
4053.0	8.621
4054.0	6.768
4055.0	9.168
4056.0	9.202
4057.0	9.394
4058.0	10.152
4059.0	10.494
4060.0	9.578
4061.0	8.009
4062.0	6.392
4063.0	7.243
4064.0	7.971
4065.0	7.85
4066.0	7.973
4067.0	8.669
4068.0	10.655
4069.0	10.18
4070.0	10.106
4071.0	10.353
4072.0	10.381
4073.0	10.278
4074.0	11.806
4075.0	11.307
4076.0	10.774
4077.0	12.268
4078.0	12.428
4079.0	11.905
4080.0	11.183
4081.0	11.321
4082.0	11.394
4083.0	13.514
4084.0	12.435
4085.0	10.023
4086.0	10.139
4087.0	10.185
4088.0	11.666
4089.0	11.492
4090.0	11.359
4091.0	12.148
4092.0	11.115
4093.0	10.182
4094.0	10.205
4095.0	9.582
4096.0	9.737
4097.0	11.943
4098.0	12.398
4099.0	14.312
4100.0	13.597
4101.0	13.184
4102.0	13.818
4103.0	13.235
4104.0	14.211
4105.0	14.057
4106.0	13.386
4107.0	13.785
4108.0	13.779
4109.0	15.427
4110.0	15.564
4111.0	15.266
4112.0	15.958
4113.0	13.839
4114.0	13.405
4115.0	14.571
4116.0	14.11
4117.0	15.938
4118.0	14.951
4119.0	16.285
4120.0	15.722
4121.0	15.818
4122.0	14.889
4123.0	16.094
4124.0	14.86
4125.0	14.189
4126.0	14.764
4127.0	19.158
4128.0	18.579
4129.0	18.109
4130.0	17.384
4131.0	15.705
4132.0	14.759
4133.0	16.772
4134.0	17.644
4135.0	17.438
4136.0	19.826
4137.0	19.882
4138.0	17.973
4139.0	19.36
4140.0	20.279
4141.0	18.077
4142.0	18.586
4143.0	14.851
4144.0	13.998
4145.0	14.602
4146.0	13.48
4147.0	13.845
4148.0	13.162
4149.0	15.347
4150.0	15.535
4151.0	15.268
4152.0	13.458
4153.0	13.073
4154.0	14.856
4155.0	12.852
4156.0	12.972
4157.0	13.686
4158.0	12.755
4159.0	13.006
4160.0	15.027
4161.0	14.131
4162.0	14.714
4163.0	14.107
4164.0	14.432
4165.0	13.218
4166.0	11.329
4167.0	11.709
4168.0	12.699
4169.0	13.622
4170.0	14.188
4171.0	12.074
4172.0	11.428
4173.0	12.463
4174.0	11.81
4175.0	11.652
4176.0	10.623
4177.0	9.965
4178.0	8.23
4179.0	8.75
4180.0	10.595
4181.0	11.93
4182.0	10.224
4183.0	8.944
4184.0	10.798
4185.0	11.745
4186.0	12.498
4187.0	13.53
4188.0	15.156
4189.0	14.549
4190.0	13.602
4191.0	13.412
4192.0	13.81
4193.0	13.038
4194.0	11.897
4195.0	12.69
4196.0	13.352
4197.0	13.438
4198.0	11.583
4199.0	13.576
4200.0	6.432
4201.0	4.681
4202.0	4.12
4203.0	4.541
4204.0	4.974
4205.0	5.839
4206.0	6.437
4207.0	5.902
4208.0	9.635
4209.0	9.897
4210.0	8.661
4211.0	10.138
4212.0	10.861
4213.0	12.824
4214.0	12.197
4215.0	13.192
4216.0	14.679
4217.0	13.131
4218.0	12.676
4219.0	10.301
4220.0	10.165
4221.0	11.325
4222.0	12.558
4223.0	11.6
4224.0	10.342
4225.0	9.596
4226.0	8.648
4227.0	10.526
4228.0	11.954
4229.0	11.816
4230.0	13.645
4231.0	13.255
4232.0	14.287
4233.0	14.269
4234.0	12.603
4235.0	10.897
4236.0	12.526
4237.0	13.435
4238.0	14.431
4239.0	13.437
4240.0	13.841
4241.0	13.164
4242.0	12.851
4243.0	10.059
4244.0	9.759
4245.0	9.345
4246.0	10.989
4247.0	11.302
4248.0	11.769
4249.0	12.093
4250.0	11.492
4251.0	13.195
4252.0	12.418
4253.0	11.455
4254.0	12.323
4255.0	11.345
4256.0	12.191
4257.0	13.53
4258.0	14.857
4259.0	13.971
4260.0	13.968
4261.0	15.835
4262.0	15.118
4263.0	13.321
4264.0	13.096
4265.0	12.32
4266.0	13.741
4267.0	12.961
4268.0	12.42
4269.0	13.421
4270.0	13.403
4271.0	13.47
4272.0	13.36
4273.0	13.031
4274.0	13.563
4275.0	13.01
4276.0	10.579
4277.0	12.147
4278.0	10.11
4279.0	9.894
4280.0	9.891
4281.0	8.629
4282.0	8.515
4283.0	6.449
4284.0	4.557
4285.0	3.656
4286.0	6.452
4287.0	8.151
4288.0	7.59
4289.0	8.835
4290.0	8.08
4291.0	5.736
4292.0	5.396
4293.0	6.96
4294.0	6.983
4295.0	6.367
4296.0	5.902
4297.0	5.277
4298.0	3.865
4299.0	4.376
4300.0	4.906
4301.0	6.412
4302.0	6.357
4303.0	6.639
4304.0	6.979
4305.0	4.901
4306.0	6.51
4307.0	8.382
4308.0	9.019
4309.0	8.535
4310.0	8.392
4311.0	7.735
4312.0	9.188
4313.0	10.104
4314.0	9.233
4315.0	8.415
4316.0	8.058
4317.0	9.407
4318.0	9.354
4319.0	8.055
4320.0	7.435
4321.0	5.864
4322.0	5.561
4323.0	6.406
4324.0	7.042
4325.0	9.471
4326.0	9.855
4327.0	10.156
4328.0	11.179
4329.0	10.559
4330.0	9.287
4331.0	8.942
4332.0	9.178
4333.0	10.15
4334.0	11.347
4335.0	9.828
4336.0	10.007
4337.0	9.99
4338.0	11.048
4339.0	11.119
4340.0	11.08
4341.0	11.093
4342.0	10.985
4343.0	10.453
4344.0	7.248
4345.0	7.135
4346.0	8.012
4347.0	7.632
4348.0	6.059
4349.0	6.368
4350.0	8.188
4351.0	9.165
4352.0	8.673
4353.0	8.524
4354.0	10.273
4355.0	9.704
4356.0	10.44
4357.0	9.026
4358.0	7.382
4359.0	8.081
4360.0	7.741
4361.0	8.014
4362.0	7.249
4363.0	8.221
4364.0	7.919
4365.0	5.213
4366.0	5.929
4367.0	7.265
4368.0	7.525
4369.0	8.134
4370.0	7.946
4371.0	8.092
4372.0	8.274
4373.0	8.739
4374.0	6.401
4375.0	7.373
4376.0	7.899
4377.0	6.686
4378.0	6.188
4379.0	7.332
4380.0	5.262
4381.0	5.677
4382.0	5.643
4383.0	4.846
4384.0	6.065
4385.0	7.286
4386.0	8.233
4387.0	9.36
4388.0	9.716
4389.0	11.069
4390.0	11.131
4391.0	10.425
4392.0	10.075
4393.0	9.318
4394.0	8.525
4395.0	10.323
4396.0	11.136
4397.0	10.109
4398.0	12.143
4399.0	11.094
4400.0	10.589
4401.0	10.612
4402.0	11.586
4403.0	11.879
4404.0	11.919
4405.0	11.719
4406.0	11.99
4407.0	13.225
4408.0	12.441
4409.0	10.958
4410.0	11.178
4411.0	10.241
4412.0	12.586
4413.0	12.543
4414.0	13.006
4415.0	12.78
4416.0	14.379
4417.0	14.824
4418.0	15.337
4419.0	15.105
4420.0	13.021
4421.0	13.177
4422.0	11.044
4423.0	10.904
4424.0	12.448
4425.0	12.309
4426.0	13.681
4427.0	13.431
4428.0	11.26
4429.0	12.117
4430.0	13.115
4431.0	12.595
4432.0	11.529
4433.0	11.077
4434.0	10.696
4435.0	11.062
4436.0	11.791
4437.0	10.629
4438.0	9.5
4439.0	9.015
4440.0	10.062
4441.0	11.169
4442.0	11.283
4443.0	11.593
4444.0	11.879
4445.0	11.928
4446.0	11.17
4447.0	14.069
4448.0	13.355
4449.0	12.692
4450.0	14.031
4451.0	14.832
4452.0	13.21
4453.0	12.232
4454.0	13.037
4455.0	10.997
4456.0	12.254
4457.0	11.28
4458.0	11.515
4459.0	14.333
4460.0	14.516
4461.0	13.974
4462.0	12.576
4463.0	12.18
4464.0	11.181
4465.0	10.657
4466.0	11.54
4467.0	11.216
4468.0	10.601
4469.0	11.247
4470.0	11.147
4471.0	10.919
4472.0	12.483
4473.0	12.507
4474.0	13.505
4475.0	12.145
4476.0	11.711
4477.0	10.095
4478.0	10.422
4479.0	9.653
4480.0	9.769
4481.0	9.182
4482.0	8.559
4483.0	9.497
4484.0	11.371
4485.0	10.981
4486.0	13.557
4487.0	13.667
4488.0	11.757
4489.0	11.998
4490.0	12.972
4491.0	13.906
4492.0	11.873
4493.0	11.927
4494.0	12.32
4495.0	12.876
4496.0	10.685
4497.0	11.033
4498.0	12.009
4499.0	11.882
4500.0	11.717
4501.0	12.539
4502.0	12.115
4503.0	13.086
4504.0	13.285
4505.0	11.597
4506.0	12.04
4507.0	11.613
4508.0	10.67
4509.0	10.307
4510.0	11.199
4511.0	10.648
4512.0	9.753
4513.0	9.38
4514.0	11.315
4515.0	11.564
4516.0	11.128
4517.0	11.452
4518.0	12.48
4519.0	11.896
4520.0	13.577
4521.0	12.587
4522.0	9.342
4523.0	13.116
4524.0	12.079
4525.0	12.927
4526.0	12.448
4527.0	11.314
4528.0	11.105
4529.0	12.281
4530.0	12.503
4531.0	11.561
4532.0	10.876
4533.0	11.117
4534.0	10.778
4535.0	10.048
4536.0	11.288
4537.0	11.647
4538.0	13.644
4539.0	13.94
4540.0	14.221
4541.0	13.83
4542.0	14.095
4543.0	14.19
4544.0	13.151
4545.0	11.926
4546.0	9.581
4547.0	10.298
4548.0	12.426
4549.0	11.645
4550.0	11.643
4551.0	12.476
4552.0	12.584
4553.0	11.368
4554.0	9.648
4555.0	9.208
4556.0	9.949
4557.0	9.195
4558.0	9.717
4559.0	10.031
4560.0	8.44
4561.0	9.971
4562.0	8.355
4563.0	9.149
4564.0	8.528
4565.0	9.261
4566.0	11.036
4567.0	12.104
4568.0	9.088
4569.0	10.414
4570.0	11.309
4571.0	11.815
4572.0	12.6
4573.0	13.248
4574.0	12.357
4575.0	12.803
4576.0	11.714
4577.0	12.177
4578.0	11.13
4579.0	13.127
4580.0	13.615
4581.0	13.127
4582.0	13.667
4583.0	12.92
4584.0	13.541
4585.0	14.738
4586.0	15.299
4587.0	13.003
4588.0	11.97
4589.0	11.514
4590.0	12.876
4591.0	13.323
4592.0	14.599
4593.0	14.439
4594.0	15.422
4595.0	13.586
4596.0	12.856
4597.0	11.366
4598.0	11.421
4599.0	9.703
4600.0	10.09
4601.0	13.03
4602.0	11.933
4603.0	10.941
4604.0	10.239
4605.0	10.304
4606.0	9.807
4607.0	11.518
4608.0	13.062
4609.0	12.331
4610.0	12.717
4611.0	11.763
4612.0	11.947
4613.0	12.452
4614.0	12.593
4615.0	11.898
4616.0	12.268
4617.0	13.86
4618.0	14.147
4619.0	12.134
4620.0	11.761
4621.0	14.505
4622.0	14.01
4623.0	12.038
4624.0	10.496
4625.0	8.767
4626.0	8.28
4627.0	7.135
4628.0	7.644
4629.0	7.588
4630.0	6.846
4631.0	7.66
4632.0	9.602
4633.0	8.525
4634.0	8.368
4635.0	7.816
4636.0	7.272
4637.0	8.264
4638.0	8.637
4639.0	10.315
4640.0	10.651
4641.0	10.252
4642.0	11.842
4643.0	11.251
4644.0	11.314
4645.0	9.712
4646.0	8.244
4647.0	8.809
4648.0	10.238
4649.0	9.189
4650.0	9.432
4651.0	7.599
4652.0	8.038
4653.0	9.945
4654.0	9.705
4655.0	10.537
4656.0	7.553
4657.0	7.015
4658.0	8.546
4659.0	10.517
4660.0	9.699
4661.0	7.754
4662.0	7.496
4663.0	6.695
4664.0	4.873
4665.0	7.188
4666.0	8.669
4667.0	9.396
4668.0	8.717
4669.0	8.908
4670.0	8.954
4671.0	9.995
4672.0	8.896
4673.0	8.999
4674.0	6.48
4675.0	7.17
4676.0	9.307
4677.0	9.035
4678.0	8.896
4679.0	8.637
4680.0	9.884
4681.0	7.33
4682.0	6.127
4683.0	4.248
4684.0	4.438
4685.0	5.557
4686.0	4.689
4687.0	5.755
4688.0	4.808
4689.0	5.906
4690.0	6.06
4691.0	7.146
4692.0	8.207
4693.0	8.363
4694.0	8.46
4695.0	7.464
4696.0	5.965
4697.0	5.156
4698.0	4.667
4699.0	7.577
4700.0	8.536
4701.0	8.876
4702.0	10.559
4703.0	12.142
4704.0	10.952
4705.0	9.613
4706.0	11.327
4707.0	12.24
4708.0	10.916
4709.0	11.235
4710.0	11.204
4711.0	12.098
4712.0	10.952
4713.0	10.606
4714.0	10.61
4715.0	11.763
4716.0	11.519
4717.0	11.438
4718.0	13.383
4719.0	11.562
4720.0	10.675
4721.0	13.095
4722.0	11.783
4723.0	11.185
4724.0	12.283
4725.0	13.281
4726.0	12.023
4727.0	10.164
4728.0	9.729
4729.0	9.318
4730.0	8.91
4731.0	7.768
4732.0	6.405
4733.0	5.312
4734.0	5.534
4735.0	5.573
4736.0	6.343
4737.0	5.066
4738.0	4.24
4739.0	2.726
4740.0	3.012
4741.0	4.451
4742.0	6.356
4743.0	7.061
4744.0	7.696
4745.0	8.093
4746.0	9.054
4747.0	10.01
4748.0	10.528
4749.0	8.571
4750.0	9.955
4751.0	8.493
4752.0	7.181
4753.0	7.888
4754.0	8.731
4755.0	7.417
4756.0	7.056
4757.0	7.177
4758.0	7.772
4759.0	5.668
4760.0	6.977
4761.0	8.025
4762.0	8.529
4763.0	9.118
4764.0	7.938
4765.0	7.879
4766.0	7.334
4767.0	7.107
4768.0	7.874
4769.0	6.979
4770.0	7.861
4771.0	6.084
4772.0	5.152
4773.0	5.194
4774.0	7.836
4775.0	8.608
4776.0	9.245
4777.0	7.681
4778.0	8.342
4779.0	9.119
4780.0	8.302
4781.0	8.805
4782.0	8.969
4783.0	8.608
4784.0	9.004
4785.0	10.016
4786.0	9.539
4787.0	9.467
4788.0	8.866
4789.0	8.649
4790.0	7.351
4791.0	9.102
4792.0	8.334
4793.0	8.289
4794.0	7.655
4795.0	6.123
4796.0	7.592
4797.0	8.991
4798.0	8.53
4799.0	5.303
4800.0	8.388
4801.0	8.242
4802.0	9.127
4803.0	11.039
4804.0	12.383
4805.0	12.427
4806.0	12.084
4807.0	12.738
4808.0	11.443
4809.0	11.602
4810.0	10.543
4811.0	10.123
4812.0	11.952
4813.0	12.108
4814.0	12.295
4815.0	10.484
4816.0	11.035
4817.0	11.038
4818.0	10.042
4819.0	9.514
4820.0	10.063
4821.0	9.982
4822.0	10.038
4823.0	8.76
4824.0	9.072
4825.0	10.771
4826.0	8.749
4827.0	9.075
4828.0	9.252
4829.0	8.326
4830.0	11.12
4831.0	13.075
4832.0	11.508
4833.0	11.978
4834.0	12.538
4835.0	13.044
4836.0	13.521
4837.0	12.81
4838.0	14.722
4839.0	14.306
4840.0	14.924
4841.0	14.123
4842.0	13.894
4843.0	13.088
4844.0	11.858
4845.0	12.204
4846.0	12.994
4847.0	11.886
4848.0	11.076
4849.0	11.246
4850.0	10.488
4851.0	8.951
4852.0	8.984
4853.0	9.231
4854.0	11.318
4855.0	11.749
4856.0	12.679
4857.0	14.587
4858.0	14.186
4859.0	11.936
4860.0	12.304
4861.0	11.705
4862.0	11.43
4863.0	10.959
4864.0	9.874
4865.0	8.756
4866.0	8.984
4867.0	10.2
4868.0	9.567
4869.0	10.777
4870.0	10.787
4871.0	10.247
4872.0	9.937
4873.0	11.076
4874.0	9.859
4875.0	7.75
4876.0	6.982
4877.0	8.74
4878.0	9.075
4879.0	9.036
4880.0	9.991
4881.0	10.432
4882.0	9.964
4883.0	10.06
4884.0	10.248
4885.0	9.283
4886.0	10.46
4887.0	11.626
4888.0	12.465
4889.0	11.124
4890.0	9.995
4891.0	8.798
4892.0	8.596
4893.0	9.893
4894.0	10.732
4895.0	11.924
4896.0	11.52
4897.0	11.045
4898.0	10.424
4899.0	11.08
4900.0	10.231
4901.0	11.004
4902.0	10.772
4903.0	10.834
4904.0	11.83
4905.0	12.009
4906.0	13.613
4907.0	13.103
4908.0	15.785
4909.0	16.391
4910.0	14.259
4911.0	13.38
4912.0	12.493
4913.0	12.893
4914.0	11.928
4915.0	11.365
4916.0	10.976
4917.0	11.03
4918.0	12.869
4919.0	11.181
4920.0	10.44
4921.0	10.285
4922.0	10.678
4923.0	9.468
4924.0	8.489
4925.0	9.294
4926.0	9.597
4927.0	8.791
4928.0	9.351
4929.0	8.589
4930.0	9.448
4931.0	10.645
4932.0	9.184
4933.0	9.844
4934.0	10.563
4935.0	10.424
4936.0	11.966
4937.0	11.872
4938.0	12.292
4939.0	11.454
4940.0	11.69
4941.0	10.478
4942.0	10.885
4943.0	11.503
4944.0	11.313
4945.0	11.852
4946.0	11.186
4947.0	11.452
4948.0	11.937
4949.0	11.757
4950.0	11.91
4951.0	13.088
4952.0	13.982
4953.0	12.48
4954.0	10.631
4955.0	10.806
4956.0	10.352
4957.0	10.533
4958.0	9.925
4959.0	9.563
4960.0	8.22
4961.0	10.016
4962.0	9.454
4963.0	9.78
4964.0	10.734
4965.0	10.122
4966.0	9.853
4967.0	9.574
4968.0	8.848
4969.0	8.198
4970.0	8.697
4971.0	8.098
4972.0	8.284
4973.0	7.947
4974.0	6.696
4975.0	8.245
4976.0	7.716
4977.0	9.982
4978.0	11.564
4979.0	12.189
4980.0	11.403
4981.0	11.486
4982.0	9.585
4983.0	9.316
4984.0	7.909
4985.0	9.395
4986.0	9.155
4987.0	8.605
4988.0	9.002
4989.0	8.537
4990.0	9.618
4991.0	9.385
4992.0	8.522
4993.0	8.375
4994.0	10.174
4995.0	11.044
4996.0	9.757
4997.0	9.345
4998.0	10.646
4999.0	10.483
5000.0	10.022
5001.0	9.193
5002.0	10.494
5003.0	10.964
5004.0	9.219
5005.0	10.465
5006.0	11.379
5007.0	9.599
5008.0	9.836
5009.0	8.579
5010.0	9.457
5011.0	9.408
5012.0	9.358
5013.0	7.816
5014.0	7.576
5015.0	8.113
5016.0	7.987
5017.0	6.916
5018.0	7.611
5019.0	7.92
5020.0	7.705
5021.0	7.054
5022.0	6.952
5023.0	8.04
5024.0	7.538
5025.0	6.008
5026.0	6.699
5027.0	5.844
5028.0	6.607
5029.0	4.805
5030.0	4.752
5031.0	6.294
5032.0	4.299
5033.0	5.148
5034.0	6.085
5035.0	6.823
5036.0	6.358
5037.0	7.36
5038.0	6.515
5039.0	7.757
5040.0	8.148
5041.0	8.625
5042.0	8.414
5043.0	8.248
5044.0	8.121
5045.0	5.908
5046.0	7.094
5047.0	8.317
5048.0	8.734
5049.0	7.258
5050.0	7.133
5051.0	6.336
5052.0	7.268
5053.0	7.937
5054.0	8.32
5055.0	6.894
5056.0	6.487
5057.0	7.587
5058.0	7.61
5059.0	7.296
5060.0	7.69
5061.0	6.104
5062.0	6.274
5063.0	7.901
5064.0	8.77
5065.0	9.115
5066.0	9.234
5067.0	7.831
5068.0	8.188
5069.0	7.622
5070.0	8.103
5071.0	9.193
5072.0	8.573
5073.0	8.561
5074.0	8.178
5075.0	10.119
5076.0	9.263
5077.0	10.17
5078.0	9.537
5079.0	9.52
5080.0	10.892
5081.0	11.812
5082.0	10.999
5083.0	10.511
5084.0	11.002
5085.0	9.0
5086.0	9.287
5087.0	9.428
5088.0	8.433
5089.0	10.289
5090.0	10.589
5091.0	8.677
5092.0	8.148
5093.0	9.211
5094.0	7.905
5095.0	6.582
5096.0	7.467
5097.0	7.875
5098.0	7.836
5099.0	8.064
5100.0	7.637
5101.0	8.838
5102.0	9.94
5103.0	10.557
5104.0	8.482
5105.0	8.439
5106.0	8.833
5107.0	10.045
5108.0	11.72
5109.0	11.598
5110.0	9.605
5111.0	9.086
5112.0	9.044
5113.0	11.704
5114.0	11.085
5115.0	12.302
5116.0	12.354
5117.0	11.965
5118.0	11.775
5119.0	12.713
5120.0	14.05
5121.0	14.577
5122.0	14.074
5123.0	12.542
5124.0	12.487
5125.0	12.507
5126.0	13.473
5127.0	14.29
5128.0	14.848
5129.0	14.112
5130.0	13.105
5131.0	11.638
5132.0	10.577
5133.0	10.154
5134.0	10.124
5135.0	11.03
5136.0	12.85
5137.0	12.727
5138.0	12.079
5139.0	10.739
5140.0	12.587
5141.0	13.746
5142.0	13.005
5143.0	13.537
5144.0	12.867
5145.0	12.259
5146.0	12.5
5147.0	14.762
5148.0	13.736
5149.0	11.843
5150.0	12.872
5151.0	13.172
5152.0	12.686
5153.0	11.087
5154.0	11.147
5155.0	11.833
5156.0	12.978
5157.0	14.104
5158.0	13.277
5159.0	15.248
5160.0	15.321
5161.0	16.227
5162.0	14.799
5163.0	14.698
5164.0	15.186
5165.0	14.424
5166.0	16.107
5167.0	15.965
5168.0	13.935
5169.0	14.364
5170.0	14.303
5171.0	14.151
5172.0	13.503
5173.0	13.87
5174.0	14.201
5175.0	14.009
5176.0	14.035
5177.0	13.961
5178.0	12.602
5179.0	11.665
5180.0	11.398
5181.0	9.783
5182.0	10.59
5183.0	9.722
5184.0	9.293
5185.0	8.945
5186.0	8.531
5187.0	9.833
5188.0	10.276
5189.0	7.89
5190.0	8.794
5191.0	8.841
5192.0	8.963
5193.0	9.622
5194.0	10.983
5195.0	11.258
5196.0	11.548
5197.0	10.519
5198.0	9.109
5199.0	8.398
5200.0	8.885
5201.0	9.235
5202.0	10.459
5203.0	7.774
5204.0	6.489
5205.0	7.342
5206.0	8.013
5207.0	9.033
5208.0	7.548
5209.0	7.186
5210.0	8.172
5211.0	8.99
5212.0	9.057
5213.0	9.088
5214.0	10.176
5215.0	10.256
5216.0	9.934
5217.0	9.886
5218.0	9.618
5219.0	7.43
5220.0	6.471
5221.0	7.033
5222.0	7.412
5223.0	7.533
5224.0	7.899
5225.0	7.368
5226.0	8.003
5227.0	9.689
5228.0	9.881
5229.0	10.787
5230.0	11.065
5231.0	11.932
5232.0	13.792
5233.0	15.185
5234.0	15.529
5235.0	15.855
5236.0	17.068
5237.0	15.205
5238.0	12.872
5239.0	13.317
5240.0	13.058
5241.0	11.418
5242.0	12.252
5243.0	13.23
5244.0	14.308
5245.0	13.636
5246.0	14.5
5247.0	13.648
5248.0	13.847
5249.0	12.034
5250.0	11.493
5251.0	11.552
5252.0	12.999
5253.0	12.295
5254.0	12.181
5255.0	12.775
5256.0	12.047
5257.0	13.275
5258.0	13.474
5259.0	14.833
5260.0	12.985
5261.0	12.352
5262.0	12.586
5263.0	12.972
5264.0	11.88
5265.0	12.645
5266.0	12.097
5267.0	11.704
5268.0	12.977
5269.0	12.58
5270.0	13.353
5271.0	11.823
5272.0	10.686
5273.0	10.901
5274.0	10.578
5275.0	8.944
5276.0	10.369
5277.0	10.549
5278.0	11.572
5279.0	11.054
5280.0	12.29
5281.0	10.525
5282.0	10.38
5283.0	10.058
5284.0	8.989
5285.0	7.271
5286.0	7.264
5287.0	8.198
5288.0	10.152
5289.0	9.565
5290.0	10.778
5291.0	11.814
5292.0	10.252
5293.0	10.761
5294.0	12.798
5295.0	12.549
5296.0	12.14
5297.0	12.117
5298.0	12.907
5299.0	11.879
5300.0	12.327
5301.0	11.961
5302.0	13.012
5303.0	12.612
5304.0	11.808
5305.0	12.555
5306.0	12.189
5307.0	11.383
5308.0	11.292
5309.0	9.69
5310.0	9.882
5311.0	10.625
5312.0	11.253
5313.0	11.073
5314.0	12.447
5315.0	11.598
5316.0	10.542
5317.0	11.046
5318.0	9.48
5319.0	8.91
5320.0	9.885
5321.0	9.57
5322.0	10.207
5323.0	9.78
5324.0	9.232
5325.0	10.568
5326.0	10.207
5327.0	8.391
5328.0	9.351
5329.0	9.576
5330.0	10.263
5331.0	10.154
5332.0	9.173
5333.0	11.029
5334.0	11.145
5335.0	10.943
5336.0	10.419
5337.0	8.76
5338.0	9.262
5339.0	8.792
5340.0	7.809
5341.0	8.656
5342.0	9.933
5343.0	10.283
5344.0	11.461
5345.0	11.74
5346.0	11.679
5347.0	12.07
5348.0	12.276
5349.0	11.302
5350.0	12.906
5351.0	13.268
5352.0	13.926
5353.0	13.362
5354.0	12.642
5355.0	13.391
5356.0	12.985
5357.0	12.536
5358.0	12.363
5359.0	13.086
5360.0	13.582
5361.0	13.53
5362.0	13.421
5363.0	12.55
5364.0	11.933
5365.0	11.995
5366.0	11.646
5367.0	12.726
5368.0	11.234
5369.0	10.79
5370.0	10.091
5371.0	8.989
5372.0	9.809
5373.0	10.85
5374.0	12.757
5375.0	12.035
5376.0	11.164
5377.0	11.844
5378.0	13.222
5379.0	15.264
5380.0	12.517
5381.0	13.641
5382.0	13.662
5383.0	12.984
5384.0	13.817
5385.0	13.02
5386.0	11.32
5387.0	10.421
5388.0	11.354
5389.0	12.248
5390.0	11.706
5391.0	11.522
5392.0	11.727
5393.0	11.606
5394.0	11.247
5395.0	11.778
5396.0	12.476
5397.0	12.697
5398.0	12.287
5399.0	10.721
5400.0	10.271
5401.0	10.632
5402.0	10.444
5403.0	10.281
5404.0	10.443
5405.0	10.764
5406.0	10.292
5407.0	11.116
5408.0	11.518
5409.0	13.183
5410.0	12.785
5411.0	12.594
5412.0	12.269
5413.0	13.278
5414.0	13.678
5415.0	13.528
5416.0	12.769
5417.0	13.168
5418.0	13.673
5419.0	13.227
5420.0	13.175
5421.0	13.255
5422.0	13.142
5423.0	12.99
5424.0	13.598
5425.0	11.94
5426.0	11.208
5427.0	12.716
5428.0	13.487
5429.0	12.344
5430.0	12.83
5431.0	12.896
5432.0	12.801
5433.0	10.793
5434.0	12.086
5435.0	14.138
5436.0	12.31
5437.0	11.36
5438.0	11.116
5439.0	13.317
5440.0	13.126
5441.0	13.578
5442.0	13.785
5443.0	12.645
5444.0	13.924
5445.0	13.429
5446.0	12.638
5447.0	12.336
5448.0	12.262
5449.0	11.932
5450.0	10.537
5451.0	10.84
5452.0	11.222
5453.0	11.247
5454.0	11.783
5455.0	11.155
5456.0	12.367
5457.0	13.17
5458.0	12.046
5459.0	10.513
5460.0	11.05
5461.0	12.256
5462.0	10.785
5463.0	11.182
5464.0	11.295
5465.0	10.559
5466.0	10.334
5467.0	11.751
5468.0	11.216
5469.0	12.149
5470.0	11.178
5471.0	11.546
5472.0	10.886
5473.0	9.709
5474.0	11.286
5475.0	12.399
5476.0	13.273
5477.0	12.738
5478.0	11.158
5479.0	10.533
5480.0	10.602
5481.0	11.775
5482.0	11.81
5483.0	13.091
5484.0	13.035
5485.0	13.845
5486.0	14.878
5487.0	13.01
5488.0	12.268
5489.0	11.546
5490.0	12.003
5491.0	11.069
5492.0	11.0
5493.0	10.292
5494.0	9.832
5495.0	10.529
5496.0	12.222
5497.0	11.881
5498.0	10.42
5499.0	10.164
5500.0	10.408
5501.0	10.111
5502.0	10.187
5503.0	9.09
5504.0	10.113
5505.0	9.026
5506.0	9.832
5507.0	9.901
5508.0	10.437
5509.0	9.906
5510.0	9.529
5511.0	9.517
5512.0	10.684
5513.0	11.802
5514.0	10.615
5515.0	10.902
5516.0	11.342
5517.0	8.994
5518.0	8.317
5519.0	9.843
5520.0	9.497
5521.0	11.126
5522.0	10.644
5523.0	11.93
5524.0	12.208
5525.0	9.961
5526.0	10.147
5527.0	10.6
5528.0	10.593
5529.0	10.556
5530.0	11.747
5531.0	10.556
5532.0	9.865
5533.0	9.618
5534.0	9.755
5535.0	11.025
5536.0	11.426
5537.0	12.28
5538.0	10.172
5539.0	12.095
5540.0	11.428
5541.0	9.785
5542.0	6.835
5543.0	6.265
5544.0	6.413
5545.0	6.721
5546.0	7.132
5547.0	8.457
5548.0	8.891
5549.0	7.496
5550.0	8.557
5551.0	9.099
5552.0	9.138
5553.0	8.964
5554.0	8.959
5555.0	10.483
5556.0	9.972
5557.0	9.873
5558.0	10.058
5559.0	11.122
5560.0	12.106
5561.0	13.361
5562.0	12.391
5563.0	12.87
5564.0	11.347
5565.0	11.4
5566.0	12.629
5567.0	12.527
5568.0	13.096
5569.0	12.564
5570.0	9.099
5571.0	9.892
5572.0	9.33
5573.0	10.978
5574.0	12.958
5575.0	14.055
5576.0	13.124
5577.0	12.946
5578.0	14.264
5579.0	13.052
5580.0	12.764
5581.0	12.684
5582.0	12.551
5583.0	12.191
5584.0	12.912
5585.0	12.298
5586.0	12.941
5587.0	12.847
5588.0	10.963
5589.0	10.471
5590.0	9.407
5591.0	10.55
5592.0	11.226
5593.0	9.417
5594.0	9.914
5595.0	10.8
5596.0	11.613
5597.0	11.883
5598.0	10.845
5599.0	10.883
5600.0	9.895
5601.0	10.024
5602.0	11.47
5603.0	10.525
5604.0	10.761
5605.0	10.359
5606.0	10.228
5607.0	10.467
5608.0	9.832
5609.0	10.056
5610.0	9.578
5611.0	8.898
5612.0	7.421
5613.0	6.726
5614.0	7.175
5615.0	6.646
5616.0	8.273
5617.0	9.158
5618.0	9.197
5619.0	10.383
5620.0	9.881
5621.0	9.972
5622.0	11.212
5623.0	11.673
5624.0	12.317
5625.0	11.57
5626.0	11.783
5627.0	11.917
5628.0	11.387
5629.0	11.169
5630.0	11.008
5631.0	11.251
5632.0	11.775
5633.0	11.963
5634.0	10.89
5635.0	9.727
5636.0	9.976
5637.0	10.609
5638.0	10.883
5639.0	10.634
5640.0	9.937
5641.0	9.819
5642.0	9.703
5643.0	10.143
5644.0	10.497
5645.0	11.457
5646.0	10.145
5647.0	10.011
5648.0	9.305
5649.0	8.595
5650.0	7.691
5651.0	7.873
5652.0	8.606
5653.0	7.741
5654.0	6.324
5655.0	8.224
5656.0	7.841
5657.0	7.138
5658.0	8.11
5659.0	9.072
5660.0	8.032
5661.0	7.753
5662.0	7.184
5663.0	4.944
5664.0	6.525
5665.0	6.69
5666.0	5.629
5667.0	5.695
5668.0	7.774
5669.0	8.053
5670.0	7.627
5671.0	6.504
5672.0	7.528
5673.0	7.702
5674.0	8.909
5675.0	9.538
5676.0	10.008
5677.0	11.09
5678.0	11.425
5679.0	10.176
5680.0	10.609
5681.0	10.218
5682.0	10.102
5683.0	10.09
5684.0	8.699
5685.0	9.317
5686.0	8.329
5687.0	8.675
5688.0	9.388
5689.0	9.265
5690.0	9.654
5691.0	10.033
5692.0	9.559
5693.0	10.376
5694.0	10.503
5695.0	10.511
5696.0	9.754
5697.0	8.507
5698.0	8.875
5699.0	7.355
5700.0	6.419
5701.0	6.748
5702.0	8.299
5703.0	8.04
5704.0	8.469
5705.0	8.465
5706.0	8.185
5707.0	9.956
5708.0	9.689
5709.0	9.297
5710.0	10.028
5711.0	9.256
5712.0	8.683
5713.0	7.957
5714.0	6.473
5715.0	7.626
5716.0	6.949
5717.0	6.508
5718.0	7.79
5719.0	7.951
5720.0	8.363
5721.0	8.662
5722.0	7.363
5723.0	6.115
5724.0	5.527
5725.0	5.031
5726.0	7.672
5727.0	7.028
5728.0	5.759
5729.0	4.908
5730.0	4.788
5731.0	5.4
5732.0	5.643
5733.0	4.508
5734.0	4.29
5735.0	6.193
5736.0	6.449
5737.0	7.149
5738.0	5.643
5739.0	5.722
5740.0	6.277
5741.0	7.348
5742.0	8.51
5743.0	8.154
5744.0	8.233
5745.0	8.432
5746.0	8.205
5747.0	7.821
5748.0	8.041
5749.0	9.4
5750.0	8.027
5751.0	8.876
5752.0	9.778
5753.0	10.081
5754.0	9.93
5755.0	10.942
5756.0	11.011
5757.0	10.527
5758.0	10.919
5759.0	10.912
5760.0	11.884
5761.0	11.524
5762.0	11.828
5763.0	11.381
5764.0	11.586
5765.0	11.326
5766.0	12.407
5767.0	12.618
5768.0	12.453
5769.0	13.156
5770.0	13.547
5771.0	13.043
5772.0	14.052
5773.0	13.69
5774.0	13.604
5775.0	13.386
5776.0	12.741
5777.0	12.018
5778.0	11.724
5779.0	11.459
5780.0	11.126
5781.0	10.55
5782.0	10.924
5783.0	11.513
5784.0	11.478
5785.0	10.932
5786.0	11.597
5787.0	11.759
5788.0	11.006
5789.0	10.335
5790.0	11.59
5791.0	12.337
5792.0	13.543
5793.0	13.774
5794.0	13.163
5795.0	13.384
5796.0	13.346
5797.0	12.45
5798.0	13.199
5799.0	11.615
5800.0	11.199
5801.0	12.361
5802.0	12.613
5803.0	13.26
5804.0	12.311
5805.0	12.167
5806.0	12.142
5807.0	10.956
5808.0	11.002
5809.0	9.8
5810.0	9.839
5811.0	10.362
5812.0	11.008
5813.0	10.729
5814.0	10.481
5815.0	10.759
5816.0	11.437
5817.0	11.086
5818.0	9.436
5819.0	9.003
5820.0	9.551
5821.0	9.791
5822.0	11.013
5823.0	10.275
5824.0	11.072
5825.0	10.589
5826.0	10.069
5827.0	9.973
5828.0	9.779
5829.0	9.296
5830.0	9.303
5831.0	9.512
5832.0	10.29
5833.0	10.35
5834.0	11.373
5835.0	10.687
5836.0	9.791
5837.0	9.382
5838.0	9.781
5839.0	9.898
5840.0	10.416
5841.0	9.511
5842.0	10.167
5843.0	10.523
5844.0	11.411
5845.0	12.228
5846.0	11.946
5847.0	11.848
5848.0	12.193
5849.0	12.971
5850.0	13.861
5851.0	15.478
5852.0	14.606
5853.0	12.888
5854.0	13.317
5855.0	13.383
5856.0	12.69
5857.0	12.292
5858.0	12.863
5859.0	13.157
5860.0	11.037
5861.0	9.876
5862.0	9.762
5863.0	9.633
5864.0	9.744
5865.0	9.358
5866.0	9.811
5867.0	10.107
5868.0	10.241
5869.0	11.211
5870.0	11.58
5871.0	11.933
5872.0	12.092
5873.0	12.166
5874.0	13.07
5875.0	12.264
5876.0	13.514
5877.0	13.802
5878.0	13.982
5879.0	12.873
5880.0	13.582
5881.0	14.986
5882.0	14.041
5883.0	13.354
5884.0	12.063
5885.0	12.446
5886.0	12.943
5887.0	12.226
5888.0	11.619
5889.0	11.223
5890.0	12.71
5891.0	13.078
5892.0	11.604
5893.0	12.385
5894.0	10.979
5895.0	11.698
5896.0	11.579
5897.0	12.371
5898.0	11.426
5899.0	10.922
5900.0	11.727
5901.0	10.513
5902.0	9.967
5903.0	10.471
5904.0	10.164
5905.0	11.064
5906.0	11.211
5907.0	11.486
5908.0	13.476
5909.0	14.411
5910.0	11.337
5911.0	11.581
5912.0	11.734
5913.0	11.582
5914.0	10.9
5915.0	9.997
5916.0	9.907
5917.0	10.21
5918.0	10.405
5919.0	11.815
5920.0	13.144
5921.0	11.887
5922.0	12.063
5923.0	11.078
5924.0	10.688
5925.0	10.777
5926.0	11.859
5927.0	11.749
5928.0	10.728
5929.0	11.971
5930.0	10.911
5931.0	11.451
5932.0	9.856
5933.0	9.727
5934.0	9.888
5935.0	10.936
5936.0	9.784
5937.0	11.185
5938.0	11.508
5939.0	11.174
5940.0	11.798
5941.0	12.363
5942.0	10.592
5943.0	10.892
5944.0	11.583
5945.0	11.887
5946.0	11.863
5947.0	10.616
5948.0	8.488
5949.0	8.795
5950.0	9.457
5951.0	9.631
5952.0	9.244
5953.0	9.524
5954.0	9.567
5955.0	8.818
5956.0	7.716
5957.0	7.887
5958.0	7.746
5959.0	7.665
5960.0	8.378
5961.0	7.732
5962.0	9.605
5963.0	9.24
5964.0	9.714
5965.0	9.639
5966.0	9.265
5967.0	7.468
5968.0	7.62
5969.0	7.808
5970.0	7.735
5971.0	8.867
5972.0	8.625
5973.0	7.613
5974.0	9.548
5975.0	11.373
5976.0	10.06
5977.0	10.731
5978.0	12.485
5979.0	12.037
5980.0	12.03
5981.0	12.978
5982.0	13.034
5983.0	12.994
5984.0	12.232
5985.0	11.027
5986.0	10.687
5987.0	11.622
5988.0	11.104
5989.0	9.229
5990.0	8.56
5991.0	5.68
5992.0	5.427
5993.0	6.931
5994.0	9.553
5995.0	10.309
5996.0	10.683
5997.0	10.879
5998.0	10.332
5999.0	11.306
